LOCATION,INDICATOR,SUBJECT,MEASURE,FREQUENCY,TIME,Value,Flag Codes
GBR,CLI,AMPLITUD,LTRENDIDX,M,2018-01-01,100.3395,
GBR,CLI,AMPLITUD,LTRENDIDX,M,2018-02-01,100.1916,
GBR,CLI,AMPLITUD,LTRENDIDX,M,2018-03-01,100.0598,
GBR,CLI,AMPLITUD,LTRENDIDX,M,2018-04-01,99.94299,
GBR,CLI,AMPLITUD,LTRENDIDX,M,2018-05-01,99.81647,
GBR,CLI,AMPLITUD,LTRENDIDX,M,2018-06-01,99.63203,
GBR,CLI,AMPLITUD,LTRENDIDX,M,2018-07-01,99.37499,
GBR,CLI,AMPLITUD,LTRENDIDX,M,2018-08-01,99.0493,
GBR,CLI,AMPLITUD,LTRENDIDX,M,2018-09-01,98.67823,
GBR,CLI,AMPLITUD,LTRENDIDX,M,2018-10-01,98.30273,
GBR,CLI,AMPLITUD,LTRENDIDX,M,2018-11-01,97.9421,
GBR,CLI,AMPLITUD,LTRENDIDX,M,2018-12-01,97.63136,
GBR,CLI,AMPLITUD,LTRENDIDX,M,2019-01-01,97.40742,
GBR,CLI,AMPLITUD,LTRENDIDX,M,2019-02-01,97.28355,
GBR,CLI,AMPLITUD,LTRENDIDX,M,2019-03-01,97.2293,
GBR,CLI,AMPLITUD,LTRENDIDX,M,2019-04-01,97.21767,
GBR,CLI,AMPLITUD,LTRENDIDX,M,2019-05-01,97.20029,
GBR,CLI,AMPLITUD,LTRENDIDX,M,2019-06-01,97.14797,
GBR,CLI,AMPLITUD,LTRENDIDX,M,2019-07-01,97.06123,
GBR,CLI,AMPLITUD,LTRENDIDX,M,2019-08-01,96.9491,
GBR,CLI,AMPLITUD,LTRENDIDX,M,2019-09-01,96.85836,
GBR,CLI,AMPLITUD,LTRENDIDX,M,2019-10-01,96.84166,
GBR,CLI,AMPLITUD,LTRENDIDX,M,2019-11-01,96.93853,
GBR,CLI,AMPLITUD,LTRENDIDX,M,2019-12-01,97.17366,
GBR,CLI,AMPLITUD,LTRENDIDX,M,2020-01-01,97.57538,
GBR,CLI,AMPLITUD,LTRENDIDX,M,2020-02-01,98.15751,
GBR,CLI,AMPLITUD,LTRENDIDX,M,2020-03-01,94.9718,
GBR,CLI,AMPLITUD,LTRENDIDX,M,2020-04-01,87.55693,
GBR,CLI,AMPLITUD,LTRENDIDX,M,2020-05-01,89.51174,
GBR,CLI,AMPLITUD,LTRENDIDX,M,2020-06-01,94.59898,
GBR,CLI,AMPLITUD,LTRENDIDX,M,2020-07-01,99.44744,
GBR,CLI,AMPLITUD,LTRENDIDX,M,2020-08-01,99.58253,
GBR,CLI,AMPLITUD,LTRENDIDX,M,2020-09-01,99.25047,
GBR,CLI,AMPLITUD,LTRENDIDX,M,2020-10-01,98.88685,
GBR,CLI,AMPLITUD,LTRENDIDX,M,2020-11-01,98.71222,
GBR,CLI,AMPLITUD,LTRENDIDX,M,2020-12-01,98.78935,
GBR,CLI,AMPLITUD,LTRENDIDX,M,2021-01-01,98.76279,
GBR,CLI,AMPLITUD,LTRENDIDX,M,2021-02-01,98.87803,
GBR,CLI,AMPLITUD,LTRENDIDX,M,2021-03-01,99.01472,
GBR,CLI,AMPLITUD,LTRENDIDX,M,2021-04-01,99.25193,
CHN,CLI,AMPLITUD,LTRENDIDX,M,2018-01-01,99.81802,
CHN,CLI,AMPLITUD,LTRENDIDX,M,2018-02-01,99.61082,
CHN,CLI,AMPLITUD,LTRENDIDX,M,2018-03-01,99.44618,
CHN,CLI,AMPLITUD,LTRENDIDX,M,2018-04-01,99.30231,
CHN,CLI,AMPLITUD,LTRENDIDX,M,2018-05-01,99.16719,
CHN,CLI,AMPLITUD,LTRENDIDX,M,2018-06-01,99.02332,
CHN,CLI,AMPLITUD,LTRENDIDX,M,2018-07-01,98.87323,
CHN,CLI,AMPLITUD,LTRENDIDX,M,2018-08-01,98.7262,
CHN,CLI,AMPLITUD,LTRENDIDX,M,2018-09-01,98.59805,
CHN,CLI,AMPLITUD,LTRENDIDX,M,2018-10-01,98.49333,
CHN,CLI,AMPLITUD,LTRENDIDX,M,2018-11-01,98.41479,
CHN,CLI,AMPLITUD,LTRENDIDX,M,2018-12-01,98.3558,
CHN,CLI,AMPLITUD,LTRENDIDX,M,2019-01-01,98.3187,
CHN,CLI,AMPLITUD,LTRENDIDX,M,2019-02-01,98.29531,
CHN,CLI,AMPLITUD,LTRENDIDX,M,2019-03-01,98.27965,
CHN,CLI,AMPLITUD,LTRENDIDX,M,2019-04-01,98.24722,
CHN,CLI,AMPLITUD,LTRENDIDX,M,2019-05-01,98.19439,
CHN,CLI,AMPLITUD,LTRENDIDX,M,2019-06-01,98.13077,
CHN,CLI,AMPLITUD,LTRENDIDX,M,2019-07-01,98.05475,
CHN,CLI,AMPLITUD,LTRENDIDX,M,2019-08-01,97.95991,
CHN,CLI,AMPLITUD,LTRENDIDX,M,2019-09-01,97.85191,
CHN,CLI,AMPLITUD,LTRENDIDX,M,2019-10-01,97.75529,
CHN,CLI,AMPLITUD,LTRENDIDX,M,2019-11-01,97.69896,
CHN,CLI,AMPLITUD,LTRENDIDX,M,2019-12-01,97.68719,
CHN,CLI,AMPLITUD,LTRENDIDX,M,2020-01-01,97.71964,
CHN,CLI,AMPLITUD,LTRENDIDX,M,2020-02-01,84.2522,
CHN,CLI,AMPLITUD,LTRENDIDX,M,2020-03-01,88.95119,
CHN,CLI,AMPLITUD,LTRENDIDX,M,2020-04-01,92.09441,
CHN,CLI,AMPLITUD,LTRENDIDX,M,2020-05-01,95.07121,
CHN,CLI,AMPLITUD,LTRENDIDX,M,2020-06-01,96.59234,
CHN,CLI,AMPLITUD,LTRENDIDX,M,2020-07-01,98.13715,
CHN,CLI,AMPLITUD,LTRENDIDX,M,2020-08-01,99.64285,
CHN,CLI,AMPLITUD,LTRENDIDX,M,2020-09-01,100.1387,
CHN,CLI,AMPLITUD,LTRENDIDX,M,2020-10-01,100.5689,
CHN,CLI,AMPLITUD,LTRENDIDX,M,2020-11-01,101.0126,
CHN,CLI,AMPLITUD,LTRENDIDX,M,2020-12-01,101.4438,
CHN,CLI,AMPLITUD,LTRENDIDX,M,2021-01-01,101.8497,
CHN,CLI,AMPLITUD,LTRENDIDX,M,2021-02-01,102.2362,
CHN,CLI,AMPLITUD,LTRENDIDX,M,2021-03-01,102.6283,
CHN,CLI,AMPLITUD,LTRENDIDX,M,2021-04-01,103.0184,
NOR,CLI,AMPLITUD,LTRENDIDX,M,2018-01-01,100.8426,
NOR,CLI,AMPLITUD,LTRENDIDX,M,2018-02-01,100.9131,
NOR,CLI,AMPLITUD,LTRENDIDX,M,2018-03-01,100.9469,
NOR,CLI,AMPLITUD,LTRENDIDX,M,2018-04-01,100.9394,
NOR,CLI,AMPLITUD,LTRENDIDX,M,2018-05-01,100.9011,
NOR,CLI,AMPLITUD,LTRENDIDX,M,2018-06-01,100.8502,
NOR,CLI,AMPLITUD,LTRENDIDX,M,2018-07-01,100.8136,
NOR,CLI,AMPLITUD,LTRENDIDX,M,2018-08-01,100.7886,
NOR,CLI,AMPLITUD,LTRENDIDX,M,2018-09-01,100.7685,
NOR,CLI,AMPLITUD,LTRENDIDX,M,2018-10-01,100.76,
NOR,CLI,AMPLITUD,LTRENDIDX,M,2018-11-01,100.7357,
NOR,CLI,AMPLITUD,LTRENDIDX,M,2018-12-01,100.6998,
NOR,CLI,AMPLITUD,LTRENDIDX,M,2019-01-01,100.6342,
NOR,CLI,AMPLITUD,LTRENDIDX,M,2019-02-01,100.5281,
NOR,CLI,AMPLITUD,LTRENDIDX,M,2019-03-01,100.3913,
NOR,CLI,AMPLITUD,LTRENDIDX,M,2019-04-01,100.2292,
NOR,CLI,AMPLITUD,LTRENDIDX,M,2019-05-01,100.0629,
NOR,CLI,AMPLITUD,LTRENDIDX,M,2019-06-01,99.91088,
NOR,CLI,AMPLITUD,LTRENDIDX,M,2019-07-01,99.78331,
NOR,CLI,AMPLITUD,LTRENDIDX,M,2019-08-01,99.68203,
NOR,CLI,AMPLITUD,LTRENDIDX,M,2019-09-01,99.60942,
NOR,CLI,AMPLITUD,LTRENDIDX,M,2019-10-01,99.57432,
NOR,CLI,AMPLITUD,LTRENDIDX,M,2019-11-01,99.5682,
NOR,CLI,AMPLITUD,LTRENDIDX,M,2019-12-01,99.56831,
NOR,CLI,AMPLITUD,LTRENDIDX,M,2020-01-01,99.55293,
NOR,CLI,AMPLITUD,LTRENDIDX,M,2020-02-01,99.51731,
NOR,CLI,AMPLITUD,LTRENDIDX,M,2020-03-01,93.35548,
NOR,CLI,AMPLITUD,LTRENDIDX,M,2020-04-01,95.61994,
NOR,CLI,AMPLITUD,LTRENDIDX,M,2020-05-01,96.99474,
NOR,CLI,AMPLITUD,LTRENDIDX,M,2020-06-01,97.86197,
NOR,CLI,AMPLITUD,LTRENDIDX,M,2020-07-01,98.44382,
NOR,CLI,AMPLITUD,LTRENDIDX,M,2020-08-01,98.99464,
NOR,CLI,AMPLITUD,LTRENDIDX,M,2020-09-01,99.21539,
NOR,CLI,AMPLITUD,LTRENDIDX,M,2020-10-01,99.75292,
NOR,CLI,AMPLITUD,LTRENDIDX,M,2020-11-01,99.98632,
NOR,CLI,AMPLITUD,LTRENDIDX,M,2020-12-01,100.1647,
NOR,CLI,AMPLITUD,LTRENDIDX,M,2021-01-01,100.3183,
NOR,CLI,AMPLITUD,LTRENDIDX,M,2021-02-01,100.4296,
NOR,CLI,AMPLITUD,LTRENDIDX,M,2021-03-01,100.499,
NOR,CLI,AMPLITUD,LTRENDIDX,M,2021-04-01,100.5215,
SVK,CLI,AMPLITUD,LTRENDIDX,M,2018-01-01,101.4971,
SVK,CLI,AMPLITUD,LTRENDIDX,M,2018-02-01,101.5968,
SVK,CLI,AMPLITUD,LTRENDIDX,M,2018-03-01,101.6614,
SVK,CLI,AMPLITUD,LTRENDIDX,M,2018-04-01,101.7022,
SVK,CLI,AMPLITUD,LTRENDIDX,M,2018-05-01,101.7233,
SVK,CLI,AMPLITUD,LTRENDIDX,M,2018-06-01,101.7157,
SVK,CLI,AMPLITUD,LTRENDIDX,M,2018-07-01,101.6949,
SVK,CLI,AMPLITUD,LTRENDIDX,M,2018-08-01,101.6892,
SVK,CLI,AMPLITUD,LTRENDIDX,M,2018-09-01,101.7073,
SVK,CLI,AMPLITUD,LTRENDIDX,M,2018-10-01,101.7179,
SVK,CLI,AMPLITUD,LTRENDIDX,M,2018-11-01,101.6857,
SVK,CLI,AMPLITUD,LTRENDIDX,M,2018-12-01,101.5903,
SVK,CLI,AMPLITUD,LTRENDIDX,M,2019-01-01,101.4226,
SVK,CLI,AMPLITUD,LTRENDIDX,M,2019-02-01,101.2247,
SVK,CLI,AMPLITUD,LTRENDIDX,M,2019-03-01,101.0188,
SVK,CLI,AMPLITUD,LTRENDIDX,M,2019-04-01,100.7939,
SVK,CLI,AMPLITUD,LTRENDIDX,M,2019-05-01,100.5474,
SVK,CLI,AMPLITUD,LTRENDIDX,M,2019-06-01,100.3033,
SVK,CLI,AMPLITUD,LTRENDIDX,M,2019-07-01,100.0846,
SVK,CLI,AMPLITUD,LTRENDIDX,M,2019-08-01,99.9342,
SVK,CLI,AMPLITUD,LTRENDIDX,M,2019-09-01,99.87689,
SVK,CLI,AMPLITUD,LTRENDIDX,M,2019-10-01,99.89898,
SVK,CLI,AMPLITUD,LTRENDIDX,M,2019-11-01,99.96223,
SVK,CLI,AMPLITUD,LTRENDIDX,M,2019-12-01,99.99052,
SVK,CLI,AMPLITUD,LTRENDIDX,M,2020-01-01,99.93964,
SVK,CLI,AMPLITUD,LTRENDIDX,M,2020-02-01,99.77208,
SVK,CLI,AMPLITUD,LTRENDIDX,M,2020-03-01,98.47256,
SVK,CLI,AMPLITUD,LTRENDIDX,M,2020-04-01,89.93455,
SVK,CLI,AMPLITUD,LTRENDIDX,M,2020-05-01,91.54543,
SVK,CLI,AMPLITUD,LTRENDIDX,M,2020-06-01,94.84061,
SVK,CLI,AMPLITUD,LTRENDIDX,M,2020-07-01,95.19871,
SVK,CLI,AMPLITUD,LTRENDIDX,M,2020-08-01,96.24271,
SVK,CLI,AMPLITUD,LTRENDIDX,M,2020-09-01,96.25808,
SVK,CLI,AMPLITUD,LTRENDIDX,M,2020-10-01,96.2797,
SVK,CLI,AMPLITUD,LTRENDIDX,M,2020-11-01,96.31414,
SVK,CLI,AMPLITUD,LTRENDIDX,M,2020-12-01,96.35804,
SVK,CLI,AMPLITUD,LTRENDIDX,M,2021-01-01,96.38108,
SVK,CLI,AMPLITUD,LTRENDIDX,M,2021-02-01,96.4771,
SVK,CLI,AMPLITUD,LTRENDIDX,M,2021-03-01,96.63107,
SVK,CLI,AMPLITUD,LTRENDIDX,M,2021-04-01,96.93777,
BRA,CLI,AMPLITUD,LTRENDIDX,M,2018-01-01,103.0842,
BRA,CLI,AMPLITUD,LTRENDIDX,M,2018-02-01,103.1642,
BRA,CLI,AMPLITUD,LTRENDIDX,M,2018-03-01,103.1163,
BRA,CLI,AMPLITUD,LTRENDIDX,M,2018-04-01,102.9469,
BRA,CLI,AMPLITUD,LTRENDIDX,M,2018-05-01,102.6907,
BRA,CLI,AMPLITUD,LTRENDIDX,M,2018-06-01,102.4116,
BRA,CLI,AMPLITUD,LTRENDIDX,M,2018-07-01,102.1783,
BRA,CLI,AMPLITUD,LTRENDIDX,M,2018-08-01,102.0106,
BRA,CLI,AMPLITUD,LTRENDIDX,M,2018-09-01,101.9213,
BRA,CLI,AMPLITUD,LTRENDIDX,M,2018-10-01,101.934,
BRA,CLI,AMPLITUD,LTRENDIDX,M,2018-11-01,102.0244,
BRA,CLI,AMPLITUD,LTRENDIDX,M,2018-12-01,102.1473,
BRA,CLI,AMPLITUD,LTRENDIDX,M,2019-01-01,102.2637,
BRA,CLI,AMPLITUD,LTRENDIDX,M,2019-02-01,102.3224,
BRA,CLI,AMPLITUD,LTRENDIDX,M,2019-03-01,102.3237,
BRA,CLI,AMPLITUD,LTRENDIDX,M,2019-04-01,102.3144,
BRA,CLI,AMPLITUD,LTRENDIDX,M,2019-05-01,102.3392,
BRA,CLI,AMPLITUD,LTRENDIDX,M,2019-06-01,102.4262,
BRA,CLI,AMPLITUD,LTRENDIDX,M,2019-07-01,102.5603,
BRA,CLI,AMPLITUD,LTRENDIDX,M,2019-08-01,102.7158,
BRA,CLI,AMPLITUD,LTRENDIDX,M,2019-09-01,102.87,
BRA,CLI,AMPLITUD,LTRENDIDX,M,2019-10-01,102.974,
BRA,CLI,AMPLITUD,LTRENDIDX,M,2019-11-01,102.9712,
BRA,CLI,AMPLITUD,LTRENDIDX,M,2019-12-01,102.7859,
BRA,CLI,AMPLITUD,LTRENDIDX,M,2020-01-01,102.3527,
BRA,CLI,AMPLITUD,LTRENDIDX,M,2020-02-01,101.6883,
BRA,CLI,AMPLITUD,LTRENDIDX,M,2020-03-01,100.0649,
BRA,CLI,AMPLITUD,LTRENDIDX,M,2020-04-01,92.79194,
BRA,CLI,AMPLITUD,LTRENDIDX,M,2020-05-01,94.94563,
BRA,CLI,AMPLITUD,LTRENDIDX,M,2020-06-01,99.41868,
BRA,CLI,AMPLITUD,LTRENDIDX,M,2020-07-01,101.0281,
BRA,CLI,AMPLITUD,LTRENDIDX,M,2020-08-01,101.6681,
BRA,CLI,AMPLITUD,LTRENDIDX,M,2020-09-01,102.2834,
BRA,CLI,AMPLITUD,LTRENDIDX,M,2020-10-01,102.8026,
BRA,CLI,AMPLITUD,LTRENDIDX,M,2020-11-01,103.1937,
BRA,CLI,AMPLITUD,LTRENDIDX,M,2020-12-01,103.4274,
BRA,CLI,AMPLITUD,LTRENDIDX,M,2021-01-01,103.4575,
BRA,CLI,AMPLITUD,LTRENDIDX,M,2021-02-01,103.3047,
BRA,CLI,AMPLITUD,LTRENDIDX,M,2021-03-01,103.0506,
BRA,CLI,AMPLITUD,LTRENDIDX,M,2021-04-01,102.7796,
BEL,CLI,AMPLITUD,LTRENDIDX,M,2018-01-01,101.244,
BEL,CLI,AMPLITUD,LTRENDIDX,M,2018-02-01,101.1652,
BEL,CLI,AMPLITUD,LTRENDIDX,M,2018-03-01,101.0347,
BEL,CLI,AMPLITUD,LTRENDIDX,M,2018-04-01,100.9059,
BEL,CLI,AMPLITUD,LTRENDIDX,M,2018-05-01,100.8005,
BEL,CLI,AMPLITUD,LTRENDIDX,M,2018-06-01,100.6935,
BEL,CLI,AMPLITUD,LTRENDIDX,M,2018-07-01,100.5748,
BEL,CLI,AMPLITUD,LTRENDIDX,M,2018-08-01,100.4411,
BEL,CLI,AMPLITUD,LTRENDIDX,M,2018-09-01,100.2935,
BEL,CLI,AMPLITUD,LTRENDIDX,M,2018-10-01,100.1448,
BEL,CLI,AMPLITUD,LTRENDIDX,M,2018-11-01,100.0256,
BEL,CLI,AMPLITUD,LTRENDIDX,M,2018-12-01,99.93153,
BEL,CLI,AMPLITUD,LTRENDIDX,M,2019-01-01,99.88741,
BEL,CLI,AMPLITUD,LTRENDIDX,M,2019-02-01,99.87362,
BEL,CLI,AMPLITUD,LTRENDIDX,M,2019-03-01,99.86562,
BEL,CLI,AMPLITUD,LTRENDIDX,M,2019-04-01,99.85188,
BEL,CLI,AMPLITUD,LTRENDIDX,M,2019-05-01,99.83263,
BEL,CLI,AMPLITUD,LTRENDIDX,M,2019-06-01,99.80824,
BEL,CLI,AMPLITUD,LTRENDIDX,M,2019-07-01,99.781,
BEL,CLI,AMPLITUD,LTRENDIDX,M,2019-08-01,99.7578,
BEL,CLI,AMPLITUD,LTRENDIDX,M,2019-09-01,99.73206,
BEL,CLI,AMPLITUD,LTRENDIDX,M,2019-10-01,99.7483,
BEL,CLI,AMPLITUD,LTRENDIDX,M,2019-11-01,99.77536,
BEL,CLI,AMPLITUD,LTRENDIDX,M,2019-12-01,99.78145,
BEL,CLI,AMPLITUD,LTRENDIDX,M,2020-01-01,99.74419,
BEL,CLI,AMPLITUD,LTRENDIDX,M,2020-02-01,99.66446,
BEL,CLI,AMPLITUD,LTRENDIDX,M,2020-03-01,97.31062,
BEL,CLI,AMPLITUD,LTRENDIDX,M,2020-04-01,91.9959,
BEL,CLI,AMPLITUD,LTRENDIDX,M,2020-05-01,94.58491,
BEL,CLI,AMPLITUD,LTRENDIDX,M,2020-06-01,96.78352,
BEL,CLI,AMPLITUD,LTRENDIDX,M,2020-07-01,98.37668,
BEL,CLI,AMPLITUD,LTRENDIDX,M,2020-08-01,99.37097,
BEL,CLI,AMPLITUD,LTRENDIDX,M,2020-09-01,99.53832,
BEL,CLI,AMPLITUD,LTRENDIDX,M,2020-10-01,99.66537,
BEL,CLI,AMPLITUD,LTRENDIDX,M,2020-11-01,99.79356,
BEL,CLI,AMPLITUD,LTRENDIDX,M,2020-12-01,99.99055,
BEL,CLI,AMPLITUD,LTRENDIDX,M,2021-01-01,100.0959,
BEL,CLI,AMPLITUD,LTRENDIDX,M,2021-02-01,100.2351,
BEL,CLI,AMPLITUD,LTRENDIDX,M,2021-03-01,100.4145,
BEL,CLI,AMPLITUD,LTRENDIDX,M,2021-04-01,100.6189,
HUN,CLI,AMPLITUD,LTRENDIDX,M,2018-01-01,101.2133,
HUN,CLI,AMPLITUD,LTRENDIDX,M,2018-02-01,101.2963,
HUN,CLI,AMPLITUD,LTRENDIDX,M,2018-03-01,101.3495,
HUN,CLI,AMPLITUD,LTRENDIDX,M,2018-04-01,101.3716,
HUN,CLI,AMPLITUD,LTRENDIDX,M,2018-05-01,101.3567,
HUN,CLI,AMPLITUD,LTRENDIDX,M,2018-06-01,101.303,
HUN,CLI,AMPLITUD,LTRENDIDX,M,2018-07-01,101.1993,
HUN,CLI,AMPLITUD,LTRENDIDX,M,2018-08-01,101.0696,
HUN,CLI,AMPLITUD,LTRENDIDX,M,2018-09-01,100.9386,
HUN,CLI,AMPLITUD,LTRENDIDX,M,2018-10-01,100.8391,
HUN,CLI,AMPLITUD,LTRENDIDX,M,2018-11-01,100.7909,
HUN,CLI,AMPLITUD,LTRENDIDX,M,2018-12-01,100.7877,
HUN,CLI,AMPLITUD,LTRENDIDX,M,2019-01-01,100.7979,
HUN,CLI,AMPLITUD,LTRENDIDX,M,2019-02-01,100.7832,
HUN,CLI,AMPLITUD,LTRENDIDX,M,2019-03-01,100.7155,
HUN,CLI,AMPLITUD,LTRENDIDX,M,2019-04-01,100.5855,
HUN,CLI,AMPLITUD,LTRENDIDX,M,2019-05-01,100.4066,
HUN,CLI,AMPLITUD,LTRENDIDX,M,2019-06-01,100.2026,
HUN,CLI,AMPLITUD,LTRENDIDX,M,2019-07-01,100.0173,
HUN,CLI,AMPLITUD,LTRENDIDX,M,2019-08-01,99.8678,
HUN,CLI,AMPLITUD,LTRENDIDX,M,2019-09-01,99.76614,
HUN,CLI,AMPLITUD,LTRENDIDX,M,2019-10-01,99.70462,
HUN,CLI,AMPLITUD,LTRENDIDX,M,2019-11-01,99.65382,
HUN,CLI,AMPLITUD,LTRENDIDX,M,2019-12-01,99.58058,
HUN,CLI,AMPLITUD,LTRENDIDX,M,2020-01-01,99.48142,
HUN,CLI,AMPLITUD,LTRENDIDX,M,2020-02-01,99.35017,
HUN,CLI,AMPLITUD,LTRENDIDX,M,2020-03-01,98.49311,
HUN,CLI,AMPLITUD,LTRENDIDX,M,2020-04-01,92.19909,
HUN,CLI,AMPLITUD,LTRENDIDX,M,2020-05-01,92.49726,
HUN,CLI,AMPLITUD,LTRENDIDX,M,2020-06-01,94.82426,
HUN,CLI,AMPLITUD,LTRENDIDX,M,2020-07-01,95.39667,
HUN,CLI,AMPLITUD,LTRENDIDX,M,2020-08-01,95.82854,
HUN,CLI,AMPLITUD,LTRENDIDX,M,2020-09-01,95.90992,
HUN,CLI,AMPLITUD,LTRENDIDX,M,2020-10-01,96.03157,
HUN,CLI,AMPLITUD,LTRENDIDX,M,2020-11-01,96.17528,
HUN,CLI,AMPLITUD,LTRENDIDX,M,2020-12-01,96.32266,
HUN,CLI,AMPLITUD,LTRENDIDX,M,2021-01-01,96.45798,
HUN,CLI,AMPLITUD,LTRENDIDX,M,2021-02-01,96.58473,
HUN,CLI,AMPLITUD,LTRENDIDX,M,2021-03-01,96.70139,
HUN,CLI,AMPLITUD,LTRENDIDX,M,2021-04-01,96.8199,
OECDE,CLI,AMPLITUD,LTRENDIDX,M,2018-01-01,101.6208,
OECDE,CLI,AMPLITUD,LTRENDIDX,M,2018-02-01,101.5238,
OECDE,CLI,AMPLITUD,LTRENDIDX,M,2018-03-01,101.3893,
OECDE,CLI,AMPLITUD,LTRENDIDX,M,2018-04-01,101.2259,
OECDE,CLI,AMPLITUD,LTRENDIDX,M,2018-05-01,101.0364,
OECDE,CLI,AMPLITUD,LTRENDIDX,M,2018-06-01,100.8151,
OECDE,CLI,AMPLITUD,LTRENDIDX,M,2018-07-01,100.5622,
OECDE,CLI,AMPLITUD,LTRENDIDX,M,2018-08-01,100.2895,
OECDE,CLI,AMPLITUD,LTRENDIDX,M,2018-09-01,100.0304,
OECDE,CLI,AMPLITUD,LTRENDIDX,M,2018-10-01,99.81649,
OECDE,CLI,AMPLITUD,LTRENDIDX,M,2018-11-01,99.65984,
OECDE,CLI,AMPLITUD,LTRENDIDX,M,2018-12-01,99.54533,
OECDE,CLI,AMPLITUD,LTRENDIDX,M,2019-01-01,99.47215,
OECDE,CLI,AMPLITUD,LTRENDIDX,M,2019-02-01,99.43638,
OECDE,CLI,AMPLITUD,LTRENDIDX,M,2019-03-01,99.4166,
OECDE,CLI,AMPLITUD,LTRENDIDX,M,2019-04-01,99.39539,
OECDE,CLI,AMPLITUD,LTRENDIDX,M,2019-05-01,99.36037,
OECDE,CLI,AMPLITUD,LTRENDIDX,M,2019-06-01,99.31272,
OECDE,CLI,AMPLITUD,LTRENDIDX,M,2019-07-01,99.26685,
OECDE,CLI,AMPLITUD,LTRENDIDX,M,2019-08-01,99.23893,
OECDE,CLI,AMPLITUD,LTRENDIDX,M,2019-09-01,99.23089,
OECDE,CLI,AMPLITUD,LTRENDIDX,M,2019-10-01,99.24419,
OECDE,CLI,AMPLITUD,LTRENDIDX,M,2019-11-01,99.26687,
OECDE,CLI,AMPLITUD,LTRENDIDX,M,2019-12-01,99.28375,
OECDE,CLI,AMPLITUD,LTRENDIDX,M,2020-01-01,99.28577,
OECDE,CLI,AMPLITUD,LTRENDIDX,M,2020-02-01,99.2728,
OECDE,CLI,AMPLITUD,LTRENDIDX,M,2020-03-01,96.42242,
OECDE,CLI,AMPLITUD,LTRENDIDX,M,2020-04-01,89.56841,
OECDE,CLI,AMPLITUD,LTRENDIDX,M,2020-05-01,92.58434,
OECDE,CLI,AMPLITUD,LTRENDIDX,M,2020-06-01,96.74223,
OECDE,CLI,AMPLITUD,LTRENDIDX,M,2020-07-01,98.29674,
OECDE,CLI,AMPLITUD,LTRENDIDX,M,2020-08-01,98.73608,
OECDE,CLI,AMPLITUD,LTRENDIDX,M,2020-09-01,98.89113,
OECDE,CLI,AMPLITUD,LTRENDIDX,M,2020-10-01,98.95069,
OECDE,CLI,AMPLITUD,LTRENDIDX,M,2020-11-01,99.02708,
OECDE,CLI,AMPLITUD,LTRENDIDX,M,2020-12-01,99.15762,
OECDE,CLI,AMPLITUD,LTRENDIDX,M,2021-01-01,99.25645,
OECDE,CLI,AMPLITUD,LTRENDIDX,M,2021-02-01,99.42522,
OECDE,CLI,AMPLITUD,LTRENDIDX,M,2021-03-01,99.64921,
OECDE,CLI,AMPLITUD,LTRENDIDX,M,2021-04-01,99.89265,
OECD,CLI,AMPLITUD,LTRENDIDX,M,2018-01-01,101.1369,
OECD,CLI,AMPLITUD,LTRENDIDX,M,2018-02-01,101.1224,
OECD,CLI,AMPLITUD,LTRENDIDX,M,2018-03-01,101.0784,
OECD,CLI,AMPLITUD,LTRENDIDX,M,2018-04-01,101.0098,
OECD,CLI,AMPLITUD,LTRENDIDX,M,2018-05-01,100.9217,
OECD,CLI,AMPLITUD,LTRENDIDX,M,2018-06-01,100.8145,
OECD,CLI,AMPLITUD,LTRENDIDX,M,2018-07-01,100.6855,
OECD,CLI,AMPLITUD,LTRENDIDX,M,2018-08-01,100.5328,
OECD,CLI,AMPLITUD,LTRENDIDX,M,2018-09-01,100.3609,
OECD,CLI,AMPLITUD,LTRENDIDX,M,2018-10-01,100.1781,
OECD,CLI,AMPLITUD,LTRENDIDX,M,2018-11-01,100.0039,
OECD,CLI,AMPLITUD,LTRENDIDX,M,2018-12-01,99.84538,
OECD,CLI,AMPLITUD,LTRENDIDX,M,2019-01-01,99.71701,
OECD,CLI,AMPLITUD,LTRENDIDX,M,2019-02-01,99.62106,
OECD,CLI,AMPLITUD,LTRENDIDX,M,2019-03-01,99.54514,
OECD,CLI,AMPLITUD,LTRENDIDX,M,2019-04-01,99.47231,
OECD,CLI,AMPLITUD,LTRENDIDX,M,2019-05-01,99.39347,
OECD,CLI,AMPLITUD,LTRENDIDX,M,2019-06-01,99.31088,
OECD,CLI,AMPLITUD,LTRENDIDX,M,2019-07-01,99.23441,
OECD,CLI,AMPLITUD,LTRENDIDX,M,2019-08-01,99.17742,
OECD,CLI,AMPLITUD,LTRENDIDX,M,2019-09-01,99.15379,
OECD,CLI,AMPLITUD,LTRENDIDX,M,2019-10-01,99.16289,
OECD,CLI,AMPLITUD,LTRENDIDX,M,2019-11-01,99.19144,
OECD,CLI,AMPLITUD,LTRENDIDX,M,2019-12-01,99.21558,
OECD,CLI,AMPLITUD,LTRENDIDX,M,2020-01-01,99.21393,
OECD,CLI,AMPLITUD,LTRENDIDX,M,2020-02-01,99.17676,
OECD,CLI,AMPLITUD,LTRENDIDX,M,2020-03-01,97.02644,
OECD,CLI,AMPLITUD,LTRENDIDX,M,2020-04-01,91.73483,
OECD,CLI,AMPLITUD,LTRENDIDX,M,2020-05-01,93.71049,
OECD,CLI,AMPLITUD,LTRENDIDX,M,2020-06-01,96.49111,
OECD,CLI,AMPLITUD,LTRENDIDX,M,2020-07-01,97.86983,
OECD,CLI,AMPLITUD,LTRENDIDX,M,2020-08-01,98.43673,
OECD,CLI,AMPLITUD,LTRENDIDX,M,2020-09-01,98.64909,
OECD,CLI,AMPLITUD,LTRENDIDX,M,2020-10-01,98.85778,
OECD,CLI,AMPLITUD,LTRENDIDX,M,2020-11-01,99.10575,
OECD,CLI,AMPLITUD,LTRENDIDX,M,2020-12-01,99.34931,
OECD,CLI,AMPLITUD,LTRENDIDX,M,2021-01-01,99.55236,
OECD,CLI,AMPLITUD,LTRENDIDX,M,2021-02-01,99.78973,
OECD,CLI,AMPLITUD,LTRENDIDX,M,2021-03-01,100.0403,
OECD,CLI,AMPLITUD,LTRENDIDX,M,2021-04-01,100.2854,
ESP,CLI,AMPLITUD,LTRENDIDX,M,2018-01-01,102.549,
ESP,CLI,AMPLITUD,LTRENDIDX,M,2018-02-01,102.5365,
ESP,CLI,AMPLITUD,LTRENDIDX,M,2018-03-01,102.4749,
ESP,CLI,AMPLITUD,LTRENDIDX,M,2018-04-01,102.3982,
ESP,CLI,AMPLITUD,LTRENDIDX,M,2018-05-01,102.3176,
ESP,CLI,AMPLITUD,LTRENDIDX,M,2018-06-01,102.2281,
ESP,CLI,AMPLITUD,LTRENDIDX,M,2018-07-01,102.1311,
ESP,CLI,AMPLITUD,LTRENDIDX,M,2018-08-01,102.0508,
ESP,CLI,AMPLITUD,LTRENDIDX,M,2018-09-01,102.0185,
ESP,CLI,AMPLITUD,LTRENDIDX,M,2018-10-01,102.049,
ESP,CLI,AMPLITUD,LTRENDIDX,M,2018-11-01,102.1273,
ESP,CLI,AMPLITUD,LTRENDIDX,M,2018-12-01,102.2259,
ESP,CLI,AMPLITUD,LTRENDIDX,M,2019-01-01,102.3306,
ESP,CLI,AMPLITUD,LTRENDIDX,M,2019-02-01,102.4136,
ESP,CLI,AMPLITUD,LTRENDIDX,M,2019-03-01,102.4541,
ESP,CLI,AMPLITUD,LTRENDIDX,M,2019-04-01,102.4368,
ESP,CLI,AMPLITUD,LTRENDIDX,M,2019-05-01,102.3739,
ESP,CLI,AMPLITUD,LTRENDIDX,M,2019-06-01,102.2626,
ESP,CLI,AMPLITUD,LTRENDIDX,M,2019-07-01,102.1014,
ESP,CLI,AMPLITUD,LTRENDIDX,M,2019-08-01,101.9091,
ESP,CLI,AMPLITUD,LTRENDIDX,M,2019-09-01,101.6857,
ESP,CLI,AMPLITUD,LTRENDIDX,M,2019-10-01,101.4106,
ESP,CLI,AMPLITUD,LTRENDIDX,M,2019-11-01,101.0691,
ESP,CLI,AMPLITUD,LTRENDIDX,M,2019-12-01,100.647,
ESP,CLI,AMPLITUD,LTRENDIDX,M,2020-01-01,100.1384,
ESP,CLI,AMPLITUD,LTRENDIDX,M,2020-02-01,99.53339,
ESP,CLI,AMPLITUD,LTRENDIDX,M,2020-03-01,95.10986,
ESP,CLI,AMPLITUD,LTRENDIDX,M,2020-04-01,90.93557,
ESP,CLI,AMPLITUD,LTRENDIDX,M,2020-05-01,92.79617,
ESP,CLI,AMPLITUD,LTRENDIDX,M,2020-06-01,96.20515,
ESP,CLI,AMPLITUD,LTRENDIDX,M,2020-07-01,96.16795,
ESP,CLI,AMPLITUD,LTRENDIDX,M,2020-08-01,96.01608,
ESP,CLI,AMPLITUD,LTRENDIDX,M,2020-09-01,95.82857,
ESP,CLI,AMPLITUD,LTRENDIDX,M,2020-10-01,95.76151,
ESP,CLI,AMPLITUD,LTRENDIDX,M,2020-11-01,95.78506,
ESP,CLI,AMPLITUD,LTRENDIDX,M,2020-12-01,95.88284,
ESP,CLI,AMPLITUD,LTRENDIDX,M,2021-01-01,95.97368,
ESP,CLI,AMPLITUD,LTRENDIDX,M,2021-02-01,96.2634,
ESP,CLI,AMPLITUD,LTRENDIDX,M,2021-03-01,96.52749,
ESP,CLI,AMPLITUD,LTRENDIDX,M,2021-04-01,96.81882,
TUR,CLI,AMPLITUD,LTRENDIDX,M,2018-01-01,102.9775,
TUR,CLI,AMPLITUD,LTRENDIDX,M,2018-02-01,102.5651,
TUR,CLI,AMPLITUD,LTRENDIDX,M,2018-03-01,101.9753,
TUR,CLI,AMPLITUD,LTRENDIDX,M,2018-04-01,101.1967,
TUR,CLI,AMPLITUD,LTRENDIDX,M,2018-05-01,100.2422,
TUR,CLI,AMPLITUD,LTRENDIDX,M,2018-06-01,99.14613,
TUR,CLI,AMPLITUD,LTRENDIDX,M,2018-07-01,97.9604,
TUR,CLI,AMPLITUD,LTRENDIDX,M,2018-08-01,96.79807,
TUR,CLI,AMPLITUD,LTRENDIDX,M,2018-09-01,95.8909,
TUR,CLI,AMPLITUD,LTRENDIDX,M,2018-10-01,95.40731,
TUR,CLI,AMPLITUD,LTRENDIDX,M,2018-11-01,95.36408,
TUR,CLI,AMPLITUD,LTRENDIDX,M,2018-12-01,95.56893,
TUR,CLI,AMPLITUD,LTRENDIDX,M,2019-01-01,95.89825,
TUR,CLI,AMPLITUD,LTRENDIDX,M,2019-02-01,96.28593,
TUR,CLI,AMPLITUD,LTRENDIDX,M,2019-03-01,96.68005,
TUR,CLI,AMPLITUD,LTRENDIDX,M,2019-04-01,97.04366,
TUR,CLI,AMPLITUD,LTRENDIDX,M,2019-05-01,97.38033,
TUR,CLI,AMPLITUD,LTRENDIDX,M,2019-06-01,97.75428,
TUR,CLI,AMPLITUD,LTRENDIDX,M,2019-07-01,98.19467,
TUR,CLI,AMPLITUD,LTRENDIDX,M,2019-08-01,98.72588,
TUR,CLI,AMPLITUD,LTRENDIDX,M,2019-09-01,99.28631,
TUR,CLI,AMPLITUD,LTRENDIDX,M,2019-10-01,99.86034,
TUR,CLI,AMPLITUD,LTRENDIDX,M,2019-11-01,100.363,
TUR,CLI,AMPLITUD,LTRENDIDX,M,2019-12-01,100.7444,
TUR,CLI,AMPLITUD,LTRENDIDX,M,2020-01-01,100.9376,
TUR,CLI,AMPLITUD,LTRENDIDX,M,2020-02-01,100.931,
TUR,CLI,AMPLITUD,LTRENDIDX,M,2020-03-01,98.31328,
TUR,CLI,AMPLITUD,LTRENDIDX,M,2020-04-01,75.84483,
TUR,CLI,AMPLITUD,LTRENDIDX,M,2020-05-01,88.97273,
TUR,CLI,AMPLITUD,LTRENDIDX,M,2020-06-01,98.34872,
TUR,CLI,AMPLITUD,LTRENDIDX,M,2020-07-01,100.5517,
TUR,CLI,AMPLITUD,LTRENDIDX,M,2020-08-01,100.9082,
TUR,CLI,AMPLITUD,LTRENDIDX,M,2020-09-01,101.0067,
TUR,CLI,AMPLITUD,LTRENDIDX,M,2020-10-01,101.0819,
TUR,CLI,AMPLITUD,LTRENDIDX,M,2020-11-01,101.112,
TUR,CLI,AMPLITUD,LTRENDIDX,M,2020-12-01,101.1246,
TUR,CLI,AMPLITUD,LTRENDIDX,M,2021-01-01,101.1379,
TUR,CLI,AMPLITUD,LTRENDIDX,M,2021-02-01,101.1727,
TUR,CLI,AMPLITUD,LTRENDIDX,M,2021-03-01,101.2166,
TUR,CLI,AMPLITUD,LTRENDIDX,M,2021-04-01,101.25,
CHL,CLI,AMPLITUD,LTRENDIDX,M,2018-01-01,102.5488,
CHL,CLI,AMPLITUD,LTRENDIDX,M,2018-02-01,102.5828,
CHL,CLI,AMPLITUD,LTRENDIDX,M,2018-03-01,102.409,
CHL,CLI,AMPLITUD,LTRENDIDX,M,2018-04-01,102.1088,
CHL,CLI,AMPLITUD,LTRENDIDX,M,2018-05-01,101.7495,
CHL,CLI,AMPLITUD,LTRENDIDX,M,2018-06-01,101.3992,
CHL,CLI,AMPLITUD,LTRENDIDX,M,2018-07-01,101.0869,
CHL,CLI,AMPLITUD,LTRENDIDX,M,2018-08-01,100.7853,
CHL,CLI,AMPLITUD,LTRENDIDX,M,2018-09-01,100.5134,
CHL,CLI,AMPLITUD,LTRENDIDX,M,2018-10-01,100.251,
CHL,CLI,AMPLITUD,LTRENDIDX,M,2018-11-01,99.94659,
CHL,CLI,AMPLITUD,LTRENDIDX,M,2018-12-01,99.57219,
CHL,CLI,AMPLITUD,LTRENDIDX,M,2019-01-01,99.18866,
CHL,CLI,AMPLITUD,LTRENDIDX,M,2019-02-01,98.81587,
CHL,CLI,AMPLITUD,LTRENDIDX,M,2019-03-01,98.47639,
CHL,CLI,AMPLITUD,LTRENDIDX,M,2019-04-01,98.17591,
CHL,CLI,AMPLITUD,LTRENDIDX,M,2019-05-01,97.9194,
CHL,CLI,AMPLITUD,LTRENDIDX,M,2019-06-01,97.7506,
CHL,CLI,AMPLITUD,LTRENDIDX,M,2019-07-01,97.66312,
CHL,CLI,AMPLITUD,LTRENDIDX,M,2019-08-01,97.60504,
CHL,CLI,AMPLITUD,LTRENDIDX,M,2019-09-01,97.53156,
CHL,CLI,AMPLITUD,LTRENDIDX,M,2019-10-01,97.46264,
CHL,CLI,AMPLITUD,LTRENDIDX,M,2019-11-01,97.42836,
CHL,CLI,AMPLITUD,LTRENDIDX,M,2019-12-01,97.4818,
CHL,CLI,AMPLITUD,LTRENDIDX,M,2020-01-01,97.61623,
CHL,CLI,AMPLITUD,LTRENDIDX,M,2020-02-01,97.91573,
CHL,CLI,AMPLITUD,LTRENDIDX,M,2020-03-01,96.22911,
CHL,CLI,AMPLITUD,LTRENDIDX,M,2020-04-01,93.65336,
CHL,CLI,AMPLITUD,LTRENDIDX,M,2020-05-01,96.08361,
CHL,CLI,AMPLITUD,LTRENDIDX,M,2020-06-01,97.77164,
CHL,CLI,AMPLITUD,LTRENDIDX,M,2020-07-01,99.39551,
CHL,CLI,AMPLITUD,LTRENDIDX,M,2020-08-01,100.5809,
CHL,CLI,AMPLITUD,LTRENDIDX,M,2020-09-01,101.7295,
CHL,CLI,AMPLITUD,LTRENDIDX,M,2020-10-01,102.4094,
CHL,CLI,AMPLITUD,LTRENDIDX,M,2020-11-01,102.6429,
CHL,CLI,AMPLITUD,LTRENDIDX,M,2020-12-01,102.7854,
CHL,CLI,AMPLITUD,LTRENDIDX,M,2021-01-01,102.8767,
CHL,CLI,AMPLITUD,LTRENDIDX,M,2021-02-01,102.9158,
CHL,CLI,AMPLITUD,LTRENDIDX,M,2021-03-01,102.9389,
CHL,CLI,AMPLITUD,LTRENDIDX,M,2021-04-01,102.9677,
ITA,CLI,AMPLITUD,LTRENDIDX,M,2018-01-01,102.0721,
ITA,CLI,AMPLITUD,LTRENDIDX,M,2018-02-01,101.9907,
ITA,CLI,AMPLITUD,LTRENDIDX,M,2018-03-01,101.8612,
ITA,CLI,AMPLITUD,LTRENDIDX,M,2018-04-01,101.7022,
ITA,CLI,AMPLITUD,LTRENDIDX,M,2018-05-01,101.5285,
ITA,CLI,AMPLITUD,LTRENDIDX,M,2018-06-01,101.3503,
ITA,CLI,AMPLITUD,LTRENDIDX,M,2018-07-01,101.1603,
ITA,CLI,AMPLITUD,LTRENDIDX,M,2018-08-01,100.969,
ITA,CLI,AMPLITUD,LTRENDIDX,M,2018-09-01,100.7853,
ITA,CLI,AMPLITUD,LTRENDIDX,M,2018-10-01,100.615,
ITA,CLI,AMPLITUD,LTRENDIDX,M,2018-11-01,100.4572,
ITA,CLI,AMPLITUD,LTRENDIDX,M,2018-12-01,100.3031,
ITA,CLI,AMPLITUD,LTRENDIDX,M,2019-01-01,100.1367,
ITA,CLI,AMPLITUD,LTRENDIDX,M,2019-02-01,99.98051,
ITA,CLI,AMPLITUD,LTRENDIDX,M,2019-03-01,99.85721,
ITA,CLI,AMPLITUD,LTRENDIDX,M,2019-04-01,99.77042,
ITA,CLI,AMPLITUD,LTRENDIDX,M,2019-05-01,99.70101,
ITA,CLI,AMPLITUD,LTRENDIDX,M,2019-06-01,99.62083,
ITA,CLI,AMPLITUD,LTRENDIDX,M,2019-07-01,99.53342,
ITA,CLI,AMPLITUD,LTRENDIDX,M,2019-08-01,99.44971,
ITA,CLI,AMPLITUD,LTRENDIDX,M,2019-09-01,99.39188,
ITA,CLI,AMPLITUD,LTRENDIDX,M,2019-10-01,99.35983,
ITA,CLI,AMPLITUD,LTRENDIDX,M,2019-11-01,99.34742,
ITA,CLI,AMPLITUD,LTRENDIDX,M,2019-12-01,99.34327,
ITA,CLI,AMPLITUD,LTRENDIDX,M,2020-01-01,99.32479,
ITA,CLI,AMPLITUD,LTRENDIDX,M,2020-02-01,99.27407,
ITA,CLI,AMPLITUD,LTRENDIDX,M,2020-03-01,94.89584,
ITA,CLI,AMPLITUD,LTRENDIDX,M,2020-04-01,90.07416,
ITA,CLI,AMPLITUD,LTRENDIDX,M,2020-05-01,93.22267,
ITA,CLI,AMPLITUD,LTRENDIDX,M,2020-06-01,96.49142,
ITA,CLI,AMPLITUD,LTRENDIDX,M,2020-07-01,97.66611,
ITA,CLI,AMPLITUD,LTRENDIDX,M,2020-08-01,98.53211,
ITA,CLI,AMPLITUD,LTRENDIDX,M,2020-09-01,99.03493,
ITA,CLI,AMPLITUD,LTRENDIDX,M,2020-10-01,99.35284,
ITA,CLI,AMPLITUD,LTRENDIDX,M,2020-11-01,99.45411,
ITA,CLI,AMPLITUD,LTRENDIDX,M,2020-12-01,99.60228,
ITA,CLI,AMPLITUD,LTRENDIDX,M,2021-01-01,99.79934,
ITA,CLI,AMPLITUD,LTRENDIDX,M,2021-02-01,100.0506,
ITA,CLI,AMPLITUD,LTRENDIDX,M,2021-03-01,100.4177,
ITA,CLI,AMPLITUD,LTRENDIDX,M,2021-04-01,100.7932,
IDN,CLI,AMPLITUD,LTRENDIDX,M,2018-01-01,100.411,
IDN,CLI,AMPLITUD,LTRENDIDX,M,2018-02-01,100.2167,
IDN,CLI,AMPLITUD,LTRENDIDX,M,2018-03-01,100.0248,
IDN,CLI,AMPLITUD,LTRENDIDX,M,2018-04-01,99.84652,
IDN,CLI,AMPLITUD,LTRENDIDX,M,2018-05-01,99.68515,
IDN,CLI,AMPLITUD,LTRENDIDX,M,2018-06-01,99.54255,
IDN,CLI,AMPLITUD,LTRENDIDX,M,2018-07-01,99.42246,
IDN,CLI,AMPLITUD,LTRENDIDX,M,2018-08-01,99.32124,
IDN,CLI,AMPLITUD,LTRENDIDX,M,2018-09-01,99.26846,
IDN,CLI,AMPLITUD,LTRENDIDX,M,2018-10-01,99.29748,
IDN,CLI,AMPLITUD,LTRENDIDX,M,2018-11-01,99.41708,
IDN,CLI,AMPLITUD,LTRENDIDX,M,2018-12-01,99.58551,
IDN,CLI,AMPLITUD,LTRENDIDX,M,2019-01-01,99.75087,
IDN,CLI,AMPLITUD,LTRENDIDX,M,2019-02-01,99.88911,
IDN,CLI,AMPLITUD,LTRENDIDX,M,2019-03-01,100.0097,
IDN,CLI,AMPLITUD,LTRENDIDX,M,2019-04-01,100.118,
IDN,CLI,AMPLITUD,LTRENDIDX,M,2019-05-01,100.2276,
IDN,CLI,AMPLITUD,LTRENDIDX,M,2019-06-01,100.3586,
IDN,CLI,AMPLITUD,LTRENDIDX,M,2019-07-01,100.4988,
IDN,CLI,AMPLITUD,LTRENDIDX,M,2019-08-01,100.6249,
IDN,CLI,AMPLITUD,LTRENDIDX,M,2019-09-01,100.7192,
IDN,CLI,AMPLITUD,LTRENDIDX,M,2019-10-01,100.7722,
IDN,CLI,AMPLITUD,LTRENDIDX,M,2019-11-01,100.7704,
IDN,CLI,AMPLITUD,LTRENDIDX,M,2019-12-01,100.691,
IDN,CLI,AMPLITUD,LTRENDIDX,M,2020-01-01,100.536,
IDN,CLI,AMPLITUD,LTRENDIDX,M,2020-02-01,99.27959,
IDN,CLI,AMPLITUD,LTRENDIDX,M,2020-03-01,97.12894,
IDN,CLI,AMPLITUD,LTRENDIDX,M,2020-04-01,93.89416,
IDN,CLI,AMPLITUD,LTRENDIDX,M,2020-05-01,93.45417,
IDN,CLI,AMPLITUD,LTRENDIDX,M,2020-06-01,93.9696,
IDN,CLI,AMPLITUD,LTRENDIDX,M,2020-07-01,94.29907,
IDN,CLI,AMPLITUD,LTRENDIDX,M,2020-08-01,94.52737,
IDN,CLI,AMPLITUD,LTRENDIDX,M,2020-09-01,94.48264,
IDN,CLI,AMPLITUD,LTRENDIDX,M,2020-10-01,94.56702,
IDN,CLI,AMPLITUD,LTRENDIDX,M,2020-11-01,94.8684,
IDN,CLI,AMPLITUD,LTRENDIDX,M,2020-12-01,95.07856,
IDN,CLI,AMPLITUD,LTRENDIDX,M,2021-01-01,95.0912,
IDN,CLI,AMPLITUD,LTRENDIDX,M,2021-02-01,95.20325,
IDN,CLI,AMPLITUD,LTRENDIDX,M,2021-03-01,95.24995,
IDN,CLI,AMPLITUD,LTRENDIDX,M,2021-04-01,95.29189,
IRL,CLI,AMPLITUD,LTRENDIDX,M,2018-01-01,99.95959,
IRL,CLI,AMPLITUD,LTRENDIDX,M,2018-02-01,99.88638,
IRL,CLI,AMPLITUD,LTRENDIDX,M,2018-03-01,99.80512,
IRL,CLI,AMPLITUD,LTRENDIDX,M,2018-04-01,99.72225,
IRL,CLI,AMPLITUD,LTRENDIDX,M,2018-05-01,99.63139,
IRL,CLI,AMPLITUD,LTRENDIDX,M,2018-06-01,99.50924,
IRL,CLI,AMPLITUD,LTRENDIDX,M,2018-07-01,99.36882,
IRL,CLI,AMPLITUD,LTRENDIDX,M,2018-08-01,99.22821,
IRL,CLI,AMPLITUD,LTRENDIDX,M,2018-09-01,99.12576,
IRL,CLI,AMPLITUD,LTRENDIDX,M,2018-10-01,99.09284,
IRL,CLI,AMPLITUD,LTRENDIDX,M,2018-11-01,99.13802,
IRL,CLI,AMPLITUD,LTRENDIDX,M,2018-12-01,99.25286,
IRL,CLI,AMPLITUD,LTRENDIDX,M,2019-01-01,99.43763,
IRL,CLI,AMPLITUD,LTRENDIDX,M,2019-02-01,99.64223,
IRL,CLI,AMPLITUD,LTRENDIDX,M,2019-03-01,99.83863,
IRL,CLI,AMPLITUD,LTRENDIDX,M,2019-04-01,99.97858,
IRL,CLI,AMPLITUD,LTRENDIDX,M,2019-05-01,100.0298,
IRL,CLI,AMPLITUD,LTRENDIDX,M,2019-06-01,100.0542,
IRL,CLI,AMPLITUD,LTRENDIDX,M,2019-07-01,100.0916,
IRL,CLI,AMPLITUD,LTRENDIDX,M,2019-08-01,100.1321,
IRL,CLI,AMPLITUD,LTRENDIDX,M,2019-09-01,100.1879,
IRL,CLI,AMPLITUD,LTRENDIDX,M,2019-10-01,100.2313,
IRL,CLI,AMPLITUD,LTRENDIDX,M,2019-11-01,100.2024,
IRL,CLI,AMPLITUD,LTRENDIDX,M,2019-12-01,100.0658,
IRL,CLI,AMPLITUD,LTRENDIDX,M,2020-01-01,99.82246,
IRL,CLI,AMPLITUD,LTRENDIDX,M,2020-02-01,99.50597,
IRL,CLI,AMPLITUD,LTRENDIDX,M,2020-03-01,98.46394,
IRL,CLI,AMPLITUD,LTRENDIDX,M,2020-04-01,93.05258,
IRL,CLI,AMPLITUD,LTRENDIDX,M,2020-05-01,93.2784,
IRL,CLI,AMPLITUD,LTRENDIDX,M,2020-06-01,97.39922,
IRL,CLI,AMPLITUD,LTRENDIDX,M,2020-07-01,99.07641,
IRL,CLI,AMPLITUD,LTRENDIDX,M,2020-08-01,99.41253,
IRL,CLI,AMPLITUD,LTRENDIDX,M,2020-09-01,99.77345,
IRL,CLI,AMPLITUD,LTRENDIDX,M,2020-10-01,100.0373,
IRL,CLI,AMPLITUD,LTRENDIDX,M,2020-11-01,100.1827,
IRL,CLI,AMPLITUD,LTRENDIDX,M,2020-12-01,100.2907,
IRL,CLI,AMPLITUD,LTRENDIDX,M,2021-01-01,100.4042,
IRL,CLI,AMPLITUD,LTRENDIDX,M,2021-02-01,100.5271,
IRL,CLI,AMPLITUD,LTRENDIDX,M,2021-03-01,100.6325,
IRL,CLI,AMPLITUD,LTRENDIDX,M,2021-04-01,100.7428,
FIN,CLI,AMPLITUD,LTRENDIDX,M,2018-01-01,102.6998,
FIN,CLI,AMPLITUD,LTRENDIDX,M,2018-02-01,102.6302,
FIN,CLI,AMPLITUD,LTRENDIDX,M,2018-03-01,102.5042,
FIN,CLI,AMPLITUD,LTRENDIDX,M,2018-04-01,102.3267,
FIN,CLI,AMPLITUD,LTRENDIDX,M,2018-05-01,102.118,
FIN,CLI,AMPLITUD,LTRENDIDX,M,2018-06-01,101.8863,
FIN,CLI,AMPLITUD,LTRENDIDX,M,2018-07-01,101.6434,
FIN,CLI,AMPLITUD,LTRENDIDX,M,2018-08-01,101.3925,
FIN,CLI,AMPLITUD,LTRENDIDX,M,2018-09-01,101.1197,
FIN,CLI,AMPLITUD,LTRENDIDX,M,2018-10-01,100.8193,
FIN,CLI,AMPLITUD,LTRENDIDX,M,2018-11-01,100.5199,
FIN,CLI,AMPLITUD,LTRENDIDX,M,2018-12-01,100.2455,
FIN,CLI,AMPLITUD,LTRENDIDX,M,2019-01-01,100.0188,
FIN,CLI,AMPLITUD,LTRENDIDX,M,2019-02-01,99.82315,
FIN,CLI,AMPLITUD,LTRENDIDX,M,2019-03-01,99.65165,
FIN,CLI,AMPLITUD,LTRENDIDX,M,2019-04-01,99.50528,
FIN,CLI,AMPLITUD,LTRENDIDX,M,2019-05-01,99.39205,
FIN,CLI,AMPLITUD,LTRENDIDX,M,2019-06-01,99.29987,
FIN,CLI,AMPLITUD,LTRENDIDX,M,2019-07-01,99.22955,
FIN,CLI,AMPLITUD,LTRENDIDX,M,2019-08-01,99.19301,
FIN,CLI,AMPLITUD,LTRENDIDX,M,2019-09-01,99.18816,
FIN,CLI,AMPLITUD,LTRENDIDX,M,2019-10-01,99.20338,
FIN,CLI,AMPLITUD,LTRENDIDX,M,2019-11-01,99.22961,
FIN,CLI,AMPLITUD,LTRENDIDX,M,2019-12-01,99.26139,
FIN,CLI,AMPLITUD,LTRENDIDX,M,2020-01-01,99.29382,
FIN,CLI,AMPLITUD,LTRENDIDX,M,2020-02-01,99.31195,
FIN,CLI,AMPLITUD,LTRENDIDX,M,2020-03-01,98.7793,
FIN,CLI,AMPLITUD,LTRENDIDX,M,2020-04-01,96.74546,
FIN,CLI,AMPLITUD,LTRENDIDX,M,2020-05-01,97.58727,
FIN,CLI,AMPLITUD,LTRENDIDX,M,2020-06-01,98.53147,
FIN,CLI,AMPLITUD,LTRENDIDX,M,2020-07-01,99.31237,
FIN,CLI,AMPLITUD,LTRENDIDX,M,2020-08-01,99.38786,
FIN,CLI,AMPLITUD,LTRENDIDX,M,2020-09-01,99.51378,
FIN,CLI,AMPLITUD,LTRENDIDX,M,2020-10-01,99.70724,
FIN,CLI,AMPLITUD,LTRENDIDX,M,2020-11-01,99.94815,
FIN,CLI,AMPLITUD,LTRENDIDX,M,2020-12-01,100.2054,
FIN,CLI,AMPLITUD,LTRENDIDX,M,2021-01-01,100.4721,
FIN,CLI,AMPLITUD,LTRENDIDX,M,2021-02-01,100.7412,
FIN,CLI,AMPLITUD,LTRENDIDX,M,2021-03-01,101.0221,
FIN,CLI,AMPLITUD,LTRENDIDX,M,2021-04-01,101.3155,
DNK,CLI,AMPLITUD,LTRENDIDX,M,2018-01-01,100.6749,
DNK,CLI,AMPLITUD,LTRENDIDX,M,2018-02-01,100.6388,
DNK,CLI,AMPLITUD,LTRENDIDX,M,2018-03-01,100.605,
DNK,CLI,AMPLITUD,LTRENDIDX,M,2018-04-01,100.5943,
DNK,CLI,AMPLITUD,LTRENDIDX,M,2018-05-01,100.5896,
DNK,CLI,AMPLITUD,LTRENDIDX,M,2018-06-01,100.5519,
DNK,CLI,AMPLITUD,LTRENDIDX,M,2018-07-01,100.5032,
DNK,CLI,AMPLITUD,LTRENDIDX,M,2018-08-01,100.4656,
DNK,CLI,AMPLITUD,LTRENDIDX,M,2018-09-01,100.4503,
DNK,CLI,AMPLITUD,LTRENDIDX,M,2018-10-01,100.4528,
DNK,CLI,AMPLITUD,LTRENDIDX,M,2018-11-01,100.4548,
DNK,CLI,AMPLITUD,LTRENDIDX,M,2018-12-01,100.4172,
DNK,CLI,AMPLITUD,LTRENDIDX,M,2019-01-01,100.364,
DNK,CLI,AMPLITUD,LTRENDIDX,M,2019-02-01,100.3,
DNK,CLI,AMPLITUD,LTRENDIDX,M,2019-03-01,100.2133,
DNK,CLI,AMPLITUD,LTRENDIDX,M,2019-04-01,100.0898,
DNK,CLI,AMPLITUD,LTRENDIDX,M,2019-05-01,99.95992,
DNK,CLI,AMPLITUD,LTRENDIDX,M,2019-06-01,99.85134,
DNK,CLI,AMPLITUD,LTRENDIDX,M,2019-07-01,99.76965,
DNK,CLI,AMPLITUD,LTRENDIDX,M,2019-08-01,99.73907,
DNK,CLI,AMPLITUD,LTRENDIDX,M,2019-09-01,99.73055,
DNK,CLI,AMPLITUD,LTRENDIDX,M,2019-10-01,99.69981,
DNK,CLI,AMPLITUD,LTRENDIDX,M,2019-11-01,99.62637,
DNK,CLI,AMPLITUD,LTRENDIDX,M,2019-12-01,99.49706,
DNK,CLI,AMPLITUD,LTRENDIDX,M,2020-01-01,99.32348,
DNK,CLI,AMPLITUD,LTRENDIDX,M,2020-02-01,99.1506,
DNK,CLI,AMPLITUD,LTRENDIDX,M,2020-03-01,97.03499,
DNK,CLI,AMPLITUD,LTRENDIDX,M,2020-04-01,95.18485,
DNK,CLI,AMPLITUD,LTRENDIDX,M,2020-05-01,97.01972,
DNK,CLI,AMPLITUD,LTRENDIDX,M,2020-06-01,98.69159,
DNK,CLI,AMPLITUD,LTRENDIDX,M,2020-07-01,99.13553,
DNK,CLI,AMPLITUD,LTRENDIDX,M,2020-08-01,99.22704,
DNK,CLI,AMPLITUD,LTRENDIDX,M,2020-09-01,99.36842,
DNK,CLI,AMPLITUD,LTRENDIDX,M,2020-10-01,99.55998,
DNK,CLI,AMPLITUD,LTRENDIDX,M,2020-11-01,99.77445,
DNK,CLI,AMPLITUD,LTRENDIDX,M,2020-12-01,100.0004,
DNK,CLI,AMPLITUD,LTRENDIDX,M,2021-01-01,98.81496,
DNK,CLI,AMPLITUD,LTRENDIDX,M,2021-02-01,98.86436,
DNK,CLI,AMPLITUD,LTRENDIDX,M,2021-03-01,100.5785,
DNK,CLI,AMPLITUD,LTRENDIDX,M,2021-04-01,100.8523,
AUT,CLI,AMPLITUD,LTRENDIDX,M,2018-01-01,102.1859,
AUT,CLI,AMPLITUD,LTRENDIDX,M,2018-02-01,102.2253,
AUT,CLI,AMPLITUD,LTRENDIDX,M,2018-03-01,102.2328,
AUT,CLI,AMPLITUD,LTRENDIDX,M,2018-04-01,102.2168,
AUT,CLI,AMPLITUD,LTRENDIDX,M,2018-05-01,102.1814,
AUT,CLI,AMPLITUD,LTRENDIDX,M,2018-06-01,102.1326,
AUT,CLI,AMPLITUD,LTRENDIDX,M,2018-07-01,102.0744,
AUT,CLI,AMPLITUD,LTRENDIDX,M,2018-08-01,102.0048,
AUT,CLI,AMPLITUD,LTRENDIDX,M,2018-09-01,101.9071,
AUT,CLI,AMPLITUD,LTRENDIDX,M,2018-10-01,101.7662,
AUT,CLI,AMPLITUD,LTRENDIDX,M,2018-11-01,101.5822,
AUT,CLI,AMPLITUD,LTRENDIDX,M,2018-12-01,101.3595,
AUT,CLI,AMPLITUD,LTRENDIDX,M,2019-01-01,101.1204,
AUT,CLI,AMPLITUD,LTRENDIDX,M,2019-02-01,100.8845,
AUT,CLI,AMPLITUD,LTRENDIDX,M,2019-03-01,100.6633,
AUT,CLI,AMPLITUD,LTRENDIDX,M,2019-04-01,100.4647,
AUT,CLI,AMPLITUD,LTRENDIDX,M,2019-05-01,100.2781,
AUT,CLI,AMPLITUD,LTRENDIDX,M,2019-06-01,100.0954,
AUT,CLI,AMPLITUD,LTRENDIDX,M,2019-07-01,99.94263,
AUT,CLI,AMPLITUD,LTRENDIDX,M,2019-08-01,99.83418,
AUT,CLI,AMPLITUD,LTRENDIDX,M,2019-09-01,99.76965,
AUT,CLI,AMPLITUD,LTRENDIDX,M,2019-10-01,99.74157,
AUT,CLI,AMPLITUD,LTRENDIDX,M,2019-11-01,99.7479,
AUT,CLI,AMPLITUD,LTRENDIDX,M,2019-12-01,99.77415,
AUT,CLI,AMPLITUD,LTRENDIDX,M,2020-01-01,99.79874,
AUT,CLI,AMPLITUD,LTRENDIDX,M,2020-02-01,99.79921,
AUT,CLI,AMPLITUD,LTRENDIDX,M,2020-03-01,98.49259,
AUT,CLI,AMPLITUD,LTRENDIDX,M,2020-04-01,94.63042,
AUT,CLI,AMPLITUD,LTRENDIDX,M,2020-05-01,95.54492,
AUT,CLI,AMPLITUD,LTRENDIDX,M,2020-06-01,97.13953,
AUT,CLI,AMPLITUD,LTRENDIDX,M,2020-07-01,97.71126,
AUT,CLI,AMPLITUD,LTRENDIDX,M,2020-08-01,98.02078,
AUT,CLI,AMPLITUD,LTRENDIDX,M,2020-09-01,98.44218,
AUT,CLI,AMPLITUD,LTRENDIDX,M,2020-10-01,98.36418,
AUT,CLI,AMPLITUD,LTRENDIDX,M,2020-11-01,98.54804,
AUT,CLI,AMPLITUD,LTRENDIDX,M,2020-12-01,98.67928,
AUT,CLI,AMPLITUD,LTRENDIDX,M,2021-01-01,98.72716,
AUT,CLI,AMPLITUD,LTRENDIDX,M,2021-02-01,98.93066,
AUT,CLI,AMPLITUD,LTRENDIDX,M,2021-03-01,99.14943,
AUT,CLI,AMPLITUD,LTRENDIDX,M,2021-04-01,99.43387,
GRC,CLI,AMPLITUD,LTRENDIDX,M,2018-01-01,99.83628,
GRC,CLI,AMPLITUD,LTRENDIDX,M,2018-02-01,99.74525,
GRC,CLI,AMPLITUD,LTRENDIDX,M,2018-03-01,99.61766,
GRC,CLI,AMPLITUD,LTRENDIDX,M,2018-04-01,99.49939,
GRC,CLI,AMPLITUD,LTRENDIDX,M,2018-05-01,99.38274,
GRC,CLI,AMPLITUD,LTRENDIDX,M,2018-06-01,99.28277,
GRC,CLI,AMPLITUD,LTRENDIDX,M,2018-07-01,99.19394,
GRC,CLI,AMPLITUD,LTRENDIDX,M,2018-08-01,99.09097,
GRC,CLI,AMPLITUD,LTRENDIDX,M,2018-09-01,99.05424,
GRC,CLI,AMPLITUD,LTRENDIDX,M,2018-10-01,99.1333,
GRC,CLI,AMPLITUD,LTRENDIDX,M,2018-11-01,99.32463,
GRC,CLI,AMPLITUD,LTRENDIDX,M,2018-12-01,99.51028,
GRC,CLI,AMPLITUD,LTRENDIDX,M,2019-01-01,99.64242,
GRC,CLI,AMPLITUD,LTRENDIDX,M,2019-02-01,99.74854,
GRC,CLI,AMPLITUD,LTRENDIDX,M,2019-03-01,99.8427,
GRC,CLI,AMPLITUD,LTRENDIDX,M,2019-04-01,99.95793,
GRC,CLI,AMPLITUD,LTRENDIDX,M,2019-05-01,100.1341,
GRC,CLI,AMPLITUD,LTRENDIDX,M,2019-06-01,100.3676,
GRC,CLI,AMPLITUD,LTRENDIDX,M,2019-07-01,100.6241,
GRC,CLI,AMPLITUD,LTRENDIDX,M,2019-08-01,100.8377,
GRC,CLI,AMPLITUD,LTRENDIDX,M,2019-09-01,100.9548,
GRC,CLI,AMPLITUD,LTRENDIDX,M,2019-10-01,100.9601,
GRC,CLI,AMPLITUD,LTRENDIDX,M,2019-11-01,100.9299,
GRC,CLI,AMPLITUD,LTRENDIDX,M,2019-12-01,100.8479,
GRC,CLI,AMPLITUD,LTRENDIDX,M,2020-01-01,100.6597,
GRC,CLI,AMPLITUD,LTRENDIDX,M,2020-02-01,100.3039,
GRC,CLI,AMPLITUD,LTRENDIDX,M,2020-03-01,99.75577,
GRC,CLI,AMPLITUD,LTRENDIDX,M,2020-04-01,95.28757,
GRC,CLI,AMPLITUD,LTRENDIDX,M,2020-05-01,96.40347,
GRC,CLI,AMPLITUD,LTRENDIDX,M,2020-06-01,96.62278,
GRC,CLI,AMPLITUD,LTRENDIDX,M,2020-07-01,97.83028,
GRC,CLI,AMPLITUD,LTRENDIDX,M,2020-08-01,97.90302,
GRC,CLI,AMPLITUD,LTRENDIDX,M,2020-09-01,97.93132,
GRC,CLI,AMPLITUD,LTRENDIDX,M,2020-10-01,97.99545,
GRC,CLI,AMPLITUD,LTRENDIDX,M,2020-11-01,98.08432,
GRC,CLI,AMPLITUD,LTRENDIDX,M,2020-12-01,98.19067,
GRC,CLI,AMPLITUD,LTRENDIDX,M,2021-01-01,98.32395,
GRC,CLI,AMPLITUD,LTRENDIDX,M,2021-02-01,98.41022,
GRC,CLI,AMPLITUD,LTRENDIDX,M,2021-03-01,98.43904,
GRC,CLI,AMPLITUD,LTRENDIDX,M,2021-04-01,98.52152,
EST,CLI,AMPLITUD,LTRENDIDX,M,2018-01-01,102.0618,
EST,CLI,AMPLITUD,LTRENDIDX,M,2018-02-01,101.6481,
EST,CLI,AMPLITUD,LTRENDIDX,M,2018-03-01,101.2381,
EST,CLI,AMPLITUD,LTRENDIDX,M,2018-04-01,100.8856,
EST,CLI,AMPLITUD,LTRENDIDX,M,2018-05-01,100.5535,
EST,CLI,AMPLITUD,LTRENDIDX,M,2018-06-01,100.2945,
EST,CLI,AMPLITUD,LTRENDIDX,M,2018-07-01,100.07,
EST,CLI,AMPLITUD,LTRENDIDX,M,2018-08-01,99.85453,
EST,CLI,AMPLITUD,LTRENDIDX,M,2018-09-01,99.76863,
EST,CLI,AMPLITUD,LTRENDIDX,M,2018-10-01,99.76994,
EST,CLI,AMPLITUD,LTRENDIDX,M,2018-11-01,99.87962,
EST,CLI,AMPLITUD,LTRENDIDX,M,2018-12-01,100.0568,
EST,CLI,AMPLITUD,LTRENDIDX,M,2019-01-01,100.3111,
EST,CLI,AMPLITUD,LTRENDIDX,M,2019-02-01,100.4694,
EST,CLI,AMPLITUD,LTRENDIDX,M,2019-03-01,100.4176,
EST,CLI,AMPLITUD,LTRENDIDX,M,2019-04-01,100.1499,
EST,CLI,AMPLITUD,LTRENDIDX,M,2019-05-01,99.67178,
EST,CLI,AMPLITUD,LTRENDIDX,M,2019-06-01,99.06697,
EST,CLI,AMPLITUD,LTRENDIDX,M,2019-07-01,98.44397,
EST,CLI,AMPLITUD,LTRENDIDX,M,2019-08-01,97.88059,
EST,CLI,AMPLITUD,LTRENDIDX,M,2019-09-01,97.49852,
EST,CLI,AMPLITUD,LTRENDIDX,M,2019-10-01,97.4282,
EST,CLI,AMPLITUD,LTRENDIDX,M,2019-11-01,97.57582,
EST,CLI,AMPLITUD,LTRENDIDX,M,2019-12-01,97.75961,
EST,CLI,AMPLITUD,LTRENDIDX,M,2020-01-01,97.91655,
EST,CLI,AMPLITUD,LTRENDIDX,M,2020-02-01,97.80994,
EST,CLI,AMPLITUD,LTRENDIDX,M,2020-03-01,97.5348,
EST,CLI,AMPLITUD,LTRENDIDX,M,2020-04-01,87.51949,
EST,CLI,AMPLITUD,LTRENDIDX,M,2020-05-01,89.37389,
EST,CLI,AMPLITUD,LTRENDIDX,M,2020-06-01,92.68872,
EST,CLI,AMPLITUD,LTRENDIDX,M,2020-07-01,96.02878,
EST,CLI,AMPLITUD,LTRENDIDX,M,2020-08-01,97.90485,
EST,CLI,AMPLITUD,LTRENDIDX,M,2020-09-01,98.73365,
EST,CLI,AMPLITUD,LTRENDIDX,M,2020-10-01,99.61057,
EST,CLI,AMPLITUD,LTRENDIDX,M,2020-11-01,100.4054,
EST,CLI,AMPLITUD,LTRENDIDX,M,2020-12-01,101.1496,
EST,CLI,AMPLITUD,LTRENDIDX,M,2021-01-01,101.7259,
EST,CLI,AMPLITUD,LTRENDIDX,M,2021-02-01,102.1857,
EST,CLI,AMPLITUD,LTRENDIDX,M,2021-03-01,102.5622,
EST,CLI,AMPLITUD,LTRENDIDX,M,2021-04-01,102.8602,
SVN,CLI,AMPLITUD,LTRENDIDX,M,2018-01-01,102.7912,
SVN,CLI,AMPLITUD,LTRENDIDX,M,2018-02-01,102.7256,
SVN,CLI,AMPLITUD,LTRENDIDX,M,2018-03-01,102.5548,
SVN,CLI,AMPLITUD,LTRENDIDX,M,2018-04-01,102.3337,
SVN,CLI,AMPLITUD,LTRENDIDX,M,2018-05-01,102.0966,
SVN,CLI,AMPLITUD,LTRENDIDX,M,2018-06-01,101.8328,
SVN,CLI,AMPLITUD,LTRENDIDX,M,2018-07-01,101.5466,
SVN,CLI,AMPLITUD,LTRENDIDX,M,2018-08-01,101.2715,
SVN,CLI,AMPLITUD,LTRENDIDX,M,2018-09-01,101.0601,
SVN,CLI,AMPLITUD,LTRENDIDX,M,2018-10-01,100.9884,
SVN,CLI,AMPLITUD,LTRENDIDX,M,2018-11-01,101.0455,
SVN,CLI,AMPLITUD,LTRENDIDX,M,2018-12-01,101.1362,
SVN,CLI,AMPLITUD,LTRENDIDX,M,2019-01-01,101.156,
SVN,CLI,AMPLITUD,LTRENDIDX,M,2019-02-01,101.0703,
SVN,CLI,AMPLITUD,LTRENDIDX,M,2019-03-01,100.9144,
SVN,CLI,AMPLITUD,LTRENDIDX,M,2019-04-01,100.7213,
SVN,CLI,AMPLITUD,LTRENDIDX,M,2019-05-01,100.5006,
SVN,CLI,AMPLITUD,LTRENDIDX,M,2019-06-01,100.2532,
SVN,CLI,AMPLITUD,LTRENDIDX,M,2019-07-01,100.0182,
SVN,CLI,AMPLITUD,LTRENDIDX,M,2019-08-01,99.781,
SVN,CLI,AMPLITUD,LTRENDIDX,M,2019-09-01,99.51126,
SVN,CLI,AMPLITUD,LTRENDIDX,M,2019-10-01,99.24505,
SVN,CLI,AMPLITUD,LTRENDIDX,M,2019-11-01,99.02227,
SVN,CLI,AMPLITUD,LTRENDIDX,M,2019-12-01,98.87222,
SVN,CLI,AMPLITUD,LTRENDIDX,M,2020-01-01,98.79385,
SVN,CLI,AMPLITUD,LTRENDIDX,M,2020-02-01,98.67246,
SVN,CLI,AMPLITUD,LTRENDIDX,M,2020-03-01,98.45996,
SVN,CLI,AMPLITUD,LTRENDIDX,M,2020-04-01,91.94109,
SVN,CLI,AMPLITUD,LTRENDIDX,M,2020-05-01,89.47281,
SVN,CLI,AMPLITUD,LTRENDIDX,M,2020-06-01,90.37037,
SVN,CLI,AMPLITUD,LTRENDIDX,M,2020-07-01,92.43679,
SVN,CLI,AMPLITUD,LTRENDIDX,M,2020-08-01,95.43928,
SVN,CLI,AMPLITUD,LTRENDIDX,M,2020-09-01,97.46786,
SVN,CLI,AMPLITUD,LTRENDIDX,M,2020-10-01,97.67328,
SVN,CLI,AMPLITUD,LTRENDIDX,M,2020-11-01,97.94706,
SVN,CLI,AMPLITUD,LTRENDIDX,M,2020-12-01,98.24992,
SVN,CLI,AMPLITUD,LTRENDIDX,M,2021-01-01,98.5631,
SVN,CLI,AMPLITUD,LTRENDIDX,M,2021-02-01,98.87818,
SVN,CLI,AMPLITUD,LTRENDIDX,M,2021-03-01,99.17348,
SVN,CLI,AMPLITUD,LTRENDIDX,M,2021-04-01,99.43758,
KOR,CLI,AMPLITUD,LTRENDIDX,M,2018-01-01,100.5707,
KOR,CLI,AMPLITUD,LTRENDIDX,M,2018-02-01,100.3769,
KOR,CLI,AMPLITUD,LTRENDIDX,M,2018-03-01,100.2065,
KOR,CLI,AMPLITUD,LTRENDIDX,M,2018-04-01,100.0658,
KOR,CLI,AMPLITUD,LTRENDIDX,M,2018-05-01,99.94783,
KOR,CLI,AMPLITUD,LTRENDIDX,M,2018-06-01,99.84168,
KOR,CLI,AMPLITUD,LTRENDIDX,M,2018-07-01,99.7569,
KOR,CLI,AMPLITUD,LTRENDIDX,M,2018-08-01,99.68955,
KOR,CLI,AMPLITUD,LTRENDIDX,M,2018-09-01,99.62395,
KOR,CLI,AMPLITUD,LTRENDIDX,M,2018-10-01,99.54977,
KOR,CLI,AMPLITUD,LTRENDIDX,M,2018-11-01,99.47157,
KOR,CLI,AMPLITUD,LTRENDIDX,M,2018-12-01,99.39346,
KOR,CLI,AMPLITUD,LTRENDIDX,M,2019-01-01,99.31081,
KOR,CLI,AMPLITUD,LTRENDIDX,M,2019-02-01,99.21922,
KOR,CLI,AMPLITUD,LTRENDIDX,M,2019-03-01,99.10652,
KOR,CLI,AMPLITUD,LTRENDIDX,M,2019-04-01,98.97285,
KOR,CLI,AMPLITUD,LTRENDIDX,M,2019-05-01,98.84541,
KOR,CLI,AMPLITUD,LTRENDIDX,M,2019-06-01,98.74451,
KOR,CLI,AMPLITUD,LTRENDIDX,M,2019-07-01,98.66834,
KOR,CLI,AMPLITUD,LTRENDIDX,M,2019-08-01,98.63288,
KOR,CLI,AMPLITUD,LTRENDIDX,M,2019-09-01,98.64408,
KOR,CLI,AMPLITUD,LTRENDIDX,M,2019-10-01,98.70596,
KOR,CLI,AMPLITUD,LTRENDIDX,M,2019-11-01,98.79863,
KOR,CLI,AMPLITUD,LTRENDIDX,M,2019-12-01,98.8834,
KOR,CLI,AMPLITUD,LTRENDIDX,M,2020-01-01,98.92477,
KOR,CLI,AMPLITUD,LTRENDIDX,M,2020-02-01,98.92356,
KOR,CLI,AMPLITUD,LTRENDIDX,M,2020-03-01,98.90054,
KOR,CLI,AMPLITUD,LTRENDIDX,M,2020-04-01,98.9015,
KOR,CLI,AMPLITUD,LTRENDIDX,M,2020-05-01,98.95907,
KOR,CLI,AMPLITUD,LTRENDIDX,M,2020-06-01,99.11198,
KOR,CLI,AMPLITUD,LTRENDIDX,M,2020-07-01,99.35754,
KOR,CLI,AMPLITUD,LTRENDIDX,M,2020-08-01,99.66284,
KOR,CLI,AMPLITUD,LTRENDIDX,M,2020-09-01,99.992,
KOR,CLI,AMPLITUD,LTRENDIDX,M,2020-10-01,100.3088,
KOR,CLI,AMPLITUD,LTRENDIDX,M,2020-11-01,100.5999,
KOR,CLI,AMPLITUD,LTRENDIDX,M,2020-12-01,100.8686,
KOR,CLI,AMPLITUD,LTRENDIDX,M,2021-01-01,101.1448,
KOR,CLI,AMPLITUD,LTRENDIDX,M,2021-02-01,101.4268,
KOR,CLI,AMPLITUD,LTRENDIDX,M,2021-03-01,101.7114,
KOR,CLI,AMPLITUD,LTRENDIDX,M,2021-04-01,102.0022,
JPN,CLI,AMPLITUD,LTRENDIDX,M,2018-01-01,100.6252,
JPN,CLI,AMPLITUD,LTRENDIDX,M,2018-02-01,100.6524,
JPN,CLI,AMPLITUD,LTRENDIDX,M,2018-03-01,100.678,
JPN,CLI,AMPLITUD,LTRENDIDX,M,2018-04-01,100.71,
JPN,CLI,AMPLITUD,LTRENDIDX,M,2018-05-01,100.7336,
JPN,CLI,AMPLITUD,LTRENDIDX,M,2018-06-01,100.7356,
JPN,CLI,AMPLITUD,LTRENDIDX,M,2018-07-01,100.7223,
JPN,CLI,AMPLITUD,LTRENDIDX,M,2018-08-01,100.7012,
JPN,CLI,AMPLITUD,LTRENDIDX,M,2018-09-01,100.6777,
JPN,CLI,AMPLITUD,LTRENDIDX,M,2018-10-01,100.6401,
JPN,CLI,AMPLITUD,LTRENDIDX,M,2018-11-01,100.5838,
JPN,CLI,AMPLITUD,LTRENDIDX,M,2018-12-01,100.5146,
JPN,CLI,AMPLITUD,LTRENDIDX,M,2019-01-01,100.4525,
JPN,CLI,AMPLITUD,LTRENDIDX,M,2019-02-01,100.4081,
JPN,CLI,AMPLITUD,LTRENDIDX,M,2019-03-01,100.3802,
JPN,CLI,AMPLITUD,LTRENDIDX,M,2019-04-01,100.35,
JPN,CLI,AMPLITUD,LTRENDIDX,M,2019-05-01,100.3026,
JPN,CLI,AMPLITUD,LTRENDIDX,M,2019-06-01,100.23,
JPN,CLI,AMPLITUD,LTRENDIDX,M,2019-07-01,100.1411,
JPN,CLI,AMPLITUD,LTRENDIDX,M,2019-08-01,100.0368,
JPN,CLI,AMPLITUD,LTRENDIDX,M,2019-09-01,99.92315,
JPN,CLI,AMPLITUD,LTRENDIDX,M,2019-10-01,99.79713,
JPN,CLI,AMPLITUD,LTRENDIDX,M,2019-11-01,99.66613,
JPN,CLI,AMPLITUD,LTRENDIDX,M,2019-12-01,99.53201,
JPN,CLI,AMPLITUD,LTRENDIDX,M,2020-01-01,99.38741,
JPN,CLI,AMPLITUD,LTRENDIDX,M,2020-02-01,99.22869,
JPN,CLI,AMPLITUD,LTRENDIDX,M,2020-03-01,98.74046,
JPN,CLI,AMPLITUD,LTRENDIDX,M,2020-04-01,98.27341,
JPN,CLI,AMPLITUD,LTRENDIDX,M,2020-05-01,97.76765,
JPN,CLI,AMPLITUD,LTRENDIDX,M,2020-06-01,97.90468,
JPN,CLI,AMPLITUD,LTRENDIDX,M,2020-07-01,98.48582,
JPN,CLI,AMPLITUD,LTRENDIDX,M,2020-08-01,98.99657,
JPN,CLI,AMPLITUD,LTRENDIDX,M,2020-09-01,99.21339,
JPN,CLI,AMPLITUD,LTRENDIDX,M,2020-10-01,99.39927,
JPN,CLI,AMPLITUD,LTRENDIDX,M,2020-11-01,99.58988,
JPN,CLI,AMPLITUD,LTRENDIDX,M,2020-12-01,99.77161,
JPN,CLI,AMPLITUD,LTRENDIDX,M,2021-01-01,99.95148,
JPN,CLI,AMPLITUD,LTRENDIDX,M,2021-02-01,100.1228,
JPN,CLI,AMPLITUD,LTRENDIDX,M,2021-03-01,100.2889,
JPN,CLI,AMPLITUD,LTRENDIDX,M,2021-04-01,100.4012,
POL,CLI,AMPLITUD,LTRENDIDX,M,2018-01-01,100.5124,
POL,CLI,AMPLITUD,LTRENDIDX,M,2018-02-01,100.5275,
POL,CLI,AMPLITUD,LTRENDIDX,M,2018-03-01,100.5121,
POL,CLI,AMPLITUD,LTRENDIDX,M,2018-04-01,100.4634,
POL,CLI,AMPLITUD,LTRENDIDX,M,2018-05-01,100.3932,
POL,CLI,AMPLITUD,LTRENDIDX,M,2018-06-01,100.2965,
POL,CLI,AMPLITUD,LTRENDIDX,M,2018-07-01,100.1492,
POL,CLI,AMPLITUD,LTRENDIDX,M,2018-08-01,99.97504,
POL,CLI,AMPLITUD,LTRENDIDX,M,2018-09-01,99.7971,
POL,CLI,AMPLITUD,LTRENDIDX,M,2018-10-01,99.64606,
POL,CLI,AMPLITUD,LTRENDIDX,M,2018-11-01,99.5176,
POL,CLI,AMPLITUD,LTRENDIDX,M,2018-12-01,99.39379,
POL,CLI,AMPLITUD,LTRENDIDX,M,2019-01-01,99.28282,
POL,CLI,AMPLITUD,LTRENDIDX,M,2019-02-01,99.17469,
POL,CLI,AMPLITUD,LTRENDIDX,M,2019-03-01,99.05231,
POL,CLI,AMPLITUD,LTRENDIDX,M,2019-04-01,98.89598,
POL,CLI,AMPLITUD,LTRENDIDX,M,2019-05-01,98.70463,
POL,CLI,AMPLITUD,LTRENDIDX,M,2019-06-01,98.47988,
POL,CLI,AMPLITUD,LTRENDIDX,M,2019-07-01,98.24538,
POL,CLI,AMPLITUD,LTRENDIDX,M,2019-08-01,98.01507,
POL,CLI,AMPLITUD,LTRENDIDX,M,2019-09-01,97.78767,
POL,CLI,AMPLITUD,LTRENDIDX,M,2019-10-01,97.58201,
POL,CLI,AMPLITUD,LTRENDIDX,M,2019-11-01,97.43835,
POL,CLI,AMPLITUD,LTRENDIDX,M,2019-12-01,97.39016,
POL,CLI,AMPLITUD,LTRENDIDX,M,2020-01-01,97.48037,
POL,CLI,AMPLITUD,LTRENDIDX,M,2020-02-01,97.75263,
POL,CLI,AMPLITUD,LTRENDIDX,M,2020-03-01,97.16983,
POL,CLI,AMPLITUD,LTRENDIDX,M,2020-04-01,95.90635,
POL,CLI,AMPLITUD,LTRENDIDX,M,2020-05-01,93.79539,
POL,CLI,AMPLITUD,LTRENDIDX,M,2020-06-01,94.97707,
POL,CLI,AMPLITUD,LTRENDIDX,M,2020-07-01,96.8419,
POL,CLI,AMPLITUD,LTRENDIDX,M,2020-08-01,98.32243,
POL,CLI,AMPLITUD,LTRENDIDX,M,2020-09-01,99.30389,
POL,CLI,AMPLITUD,LTRENDIDX,M,2020-10-01,99.48875,
POL,CLI,AMPLITUD,LTRENDIDX,M,2020-11-01,99.81053,
POL,CLI,AMPLITUD,LTRENDIDX,M,2020-12-01,100.0686,
POL,CLI,AMPLITUD,LTRENDIDX,M,2021-01-01,100.2473,
POL,CLI,AMPLITUD,LTRENDIDX,M,2021-02-01,100.3181,
POL,CLI,AMPLITUD,LTRENDIDX,M,2021-03-01,100.4046,
POL,CLI,AMPLITUD,LTRENDIDX,M,2021-04-01,100.4439,
FRA,CLI,AMPLITUD,LTRENDIDX,M,2018-01-01,101.6809,
FRA,CLI,AMPLITUD,LTRENDIDX,M,2018-02-01,101.5572,
FRA,CLI,AMPLITUD,LTRENDIDX,M,2018-03-01,101.4205,
FRA,CLI,AMPLITUD,LTRENDIDX,M,2018-04-01,101.2773,
FRA,CLI,AMPLITUD,LTRENDIDX,M,2018-05-01,101.111,
FRA,CLI,AMPLITUD,LTRENDIDX,M,2018-06-01,100.8982,
FRA,CLI,AMPLITUD,LTRENDIDX,M,2018-07-01,100.6249,
FRA,CLI,AMPLITUD,LTRENDIDX,M,2018-08-01,100.2952,
FRA,CLI,AMPLITUD,LTRENDIDX,M,2018-09-01,99.94897,
FRA,CLI,AMPLITUD,LTRENDIDX,M,2018-10-01,99.64732,
FRA,CLI,AMPLITUD,LTRENDIDX,M,2018-11-01,99.41611,
FRA,CLI,AMPLITUD,LTRENDIDX,M,2018-12-01,99.27885,
FRA,CLI,AMPLITUD,LTRENDIDX,M,2019-01-01,99.2621,
FRA,CLI,AMPLITUD,LTRENDIDX,M,2019-02-01,99.32962,
FRA,CLI,AMPLITUD,LTRENDIDX,M,2019-03-01,99.43212,
FRA,CLI,AMPLITUD,LTRENDIDX,M,2019-04-01,99.53403,
FRA,CLI,AMPLITUD,LTRENDIDX,M,2019-05-01,99.62717,
FRA,CLI,AMPLITUD,LTRENDIDX,M,2019-06-01,99.70493,
FRA,CLI,AMPLITUD,LTRENDIDX,M,2019-07-01,99.77411,
FRA,CLI,AMPLITUD,LTRENDIDX,M,2019-08-01,99.82872,
FRA,CLI,AMPLITUD,LTRENDIDX,M,2019-09-01,99.85881,
FRA,CLI,AMPLITUD,LTRENDIDX,M,2019-10-01,99.85467,
FRA,CLI,AMPLITUD,LTRENDIDX,M,2019-11-01,99.81339,
FRA,CLI,AMPLITUD,LTRENDIDX,M,2019-12-01,99.73064,
FRA,CLI,AMPLITUD,LTRENDIDX,M,2020-01-01,99.62969,
FRA,CLI,AMPLITUD,LTRENDIDX,M,2020-02-01,99.55466,
FRA,CLI,AMPLITUD,LTRENDIDX,M,2020-03-01,95.17373,
FRA,CLI,AMPLITUD,LTRENDIDX,M,2020-04-01,88.23345,
FRA,CLI,AMPLITUD,LTRENDIDX,M,2020-05-01,93.00197,
FRA,CLI,AMPLITUD,LTRENDIDX,M,2020-06-01,97.58797,
FRA,CLI,AMPLITUD,LTRENDIDX,M,2020-07-01,97.61781,
FRA,CLI,AMPLITUD,LTRENDIDX,M,2020-08-01,97.841,
FRA,CLI,AMPLITUD,LTRENDIDX,M,2020-09-01,97.87656,
FRA,CLI,AMPLITUD,LTRENDIDX,M,2020-10-01,97.87344,
FRA,CLI,AMPLITUD,LTRENDIDX,M,2020-11-01,97.85473,
FRA,CLI,AMPLITUD,LTRENDIDX,M,2020-12-01,97.81598,
FRA,CLI,AMPLITUD,LTRENDIDX,M,2021-01-01,97.79553,
FRA,CLI,AMPLITUD,LTRENDIDX,M,2021-02-01,97.85217,
FRA,CLI,AMPLITUD,LTRENDIDX,M,2021-03-01,97.9521,
FRA,CLI,AMPLITUD,LTRENDIDX,M,2021-04-01,98.13249,
USA,CLI,AMPLITUD,LTRENDIDX,M,2018-01-01,100.7248,
USA,CLI,AMPLITUD,LTRENDIDX,M,2018-02-01,100.8344,
USA,CLI,AMPLITUD,LTRENDIDX,M,2018-03-01,100.9008,
USA,CLI,AMPLITUD,LTRENDIDX,M,2018-04-01,100.9197,
USA,CLI,AMPLITUD,LTRENDIDX,M,2018-05-01,100.9089,
USA,CLI,AMPLITUD,LTRENDIDX,M,2018-06-01,100.8812,
USA,CLI,AMPLITUD,LTRENDIDX,M,2018-07-01,100.8358,
USA,CLI,AMPLITUD,LTRENDIDX,M,2018-08-01,100.7637,
USA,CLI,AMPLITUD,LTRENDIDX,M,2018-09-01,100.6417,
USA,CLI,AMPLITUD,LTRENDIDX,M,2018-10-01,100.459,
USA,CLI,AMPLITUD,LTRENDIDX,M,2018-11-01,100.2367,
USA,CLI,AMPLITUD,LTRENDIDX,M,2018-12-01,99.99741,
USA,CLI,AMPLITUD,LTRENDIDX,M,2019-01-01,99.77209,
USA,CLI,AMPLITUD,LTRENDIDX,M,2019-02-01,99.58082,
USA,CLI,AMPLITUD,LTRENDIDX,M,2019-03-01,99.42401,
USA,CLI,AMPLITUD,LTRENDIDX,M,2019-04-01,99.28376,
USA,CLI,AMPLITUD,LTRENDIDX,M,2019-05-01,99.15948,
USA,CLI,AMPLITUD,LTRENDIDX,M,2019-06-01,99.05482,
USA,CLI,AMPLITUD,LTRENDIDX,M,2019-07-01,98.97271,
USA,CLI,AMPLITUD,LTRENDIDX,M,2019-08-01,98.91857,
USA,CLI,AMPLITUD,LTRENDIDX,M,2019-09-01,98.9185,
USA,CLI,AMPLITUD,LTRENDIDX,M,2019-10-01,98.96548,
USA,CLI,AMPLITUD,LTRENDIDX,M,2019-11-01,99.03271,
USA,CLI,AMPLITUD,LTRENDIDX,M,2019-12-01,99.08418,
USA,CLI,AMPLITUD,LTRENDIDX,M,2020-01-01,99.07898,
USA,CLI,AMPLITUD,LTRENDIDX,M,2020-02-01,98.99458,
USA,CLI,AMPLITUD,LTRENDIDX,M,2020-03-01,97.25642,
USA,CLI,AMPLITUD,LTRENDIDX,M,2020-04-01,91.94878,
USA,CLI,AMPLITUD,LTRENDIDX,M,2020-05-01,93.594,
USA,CLI,AMPLITUD,LTRENDIDX,M,2020-06-01,95.53195,
USA,CLI,AMPLITUD,LTRENDIDX,M,2020-07-01,97.22849,
USA,CLI,AMPLITUD,LTRENDIDX,M,2020-08-01,97.95334,
USA,CLI,AMPLITUD,LTRENDIDX,M,2020-09-01,98.2051,
USA,CLI,AMPLITUD,LTRENDIDX,M,2020-10-01,98.52628,
USA,CLI,AMPLITUD,LTRENDIDX,M,2020-11-01,98.87962,
USA,CLI,AMPLITUD,LTRENDIDX,M,2020-12-01,99.24871,
USA,CLI,AMPLITUD,LTRENDIDX,M,2021-01-01,99.57356,
USA,CLI,AMPLITUD,LTRENDIDX,M,2021-02-01,99.91068,
USA,CLI,AMPLITUD,LTRENDIDX,M,2021-03-01,100.2248,
USA,CLI,AMPLITUD,LTRENDIDX,M,2021-04-01,100.5033,
CZE,CLI,AMPLITUD,LTRENDIDX,M,2018-01-01,101.1185,
CZE,CLI,AMPLITUD,LTRENDIDX,M,2018-02-01,101.2096,
CZE,CLI,AMPLITUD,LTRENDIDX,M,2018-03-01,101.2816,
CZE,CLI,AMPLITUD,LTRENDIDX,M,2018-04-01,101.3327,
CZE,CLI,AMPLITUD,LTRENDIDX,M,2018-05-01,101.3746,
CZE,CLI,AMPLITUD,LTRENDIDX,M,2018-06-01,101.4084,
CZE,CLI,AMPLITUD,LTRENDIDX,M,2018-07-01,101.4445,
CZE,CLI,AMPLITUD,LTRENDIDX,M,2018-08-01,101.493,
CZE,CLI,AMPLITUD,LTRENDIDX,M,2018-09-01,101.5409,
CZE,CLI,AMPLITUD,LTRENDIDX,M,2018-10-01,101.5567,
CZE,CLI,AMPLITUD,LTRENDIDX,M,2018-11-01,101.5278,
CZE,CLI,AMPLITUD,LTRENDIDX,M,2018-12-01,101.4556,
CZE,CLI,AMPLITUD,LTRENDIDX,M,2019-01-01,101.3775,
CZE,CLI,AMPLITUD,LTRENDIDX,M,2019-02-01,101.318,
CZE,CLI,AMPLITUD,LTRENDIDX,M,2019-03-01,101.2323,
CZE,CLI,AMPLITUD,LTRENDIDX,M,2019-04-01,101.0928,
CZE,CLI,AMPLITUD,LTRENDIDX,M,2019-05-01,100.8798,
CZE,CLI,AMPLITUD,LTRENDIDX,M,2019-06-01,100.6219,
CZE,CLI,AMPLITUD,LTRENDIDX,M,2019-07-01,100.3655,
CZE,CLI,AMPLITUD,LTRENDIDX,M,2019-08-01,100.097,
CZE,CLI,AMPLITUD,LTRENDIDX,M,2019-09-01,99.79871,
CZE,CLI,AMPLITUD,LTRENDIDX,M,2019-10-01,99.44393,
CZE,CLI,AMPLITUD,LTRENDIDX,M,2019-11-01,99.05567,
CZE,CLI,AMPLITUD,LTRENDIDX,M,2019-12-01,98.63567,
CZE,CLI,AMPLITUD,LTRENDIDX,M,2020-01-01,98.21351,
CZE,CLI,AMPLITUD,LTRENDIDX,M,2020-02-01,97.82627,
CZE,CLI,AMPLITUD,LTRENDIDX,M,2020-03-01,95.49668,
CZE,CLI,AMPLITUD,LTRENDIDX,M,2020-04-01,86.52053,
CZE,CLI,AMPLITUD,LTRENDIDX,M,2020-05-01,91.08502,
CZE,CLI,AMPLITUD,LTRENDIDX,M,2020-06-01,94.67184,
CZE,CLI,AMPLITUD,LTRENDIDX,M,2020-07-01,96.30289,
CZE,CLI,AMPLITUD,LTRENDIDX,M,2020-08-01,97.3347,
CZE,CLI,AMPLITUD,LTRENDIDX,M,2020-09-01,97.65288,
CZE,CLI,AMPLITUD,LTRENDIDX,M,2020-10-01,97.29494,
CZE,CLI,AMPLITUD,LTRENDIDX,M,2020-11-01,97.34845,
CZE,CLI,AMPLITUD,LTRENDIDX,M,2020-12-01,97.79626,
CZE,CLI,AMPLITUD,LTRENDIDX,M,2021-01-01,97.89944,
CZE,CLI,AMPLITUD,LTRENDIDX,M,2021-02-01,97.89449,
CZE,CLI,AMPLITUD,LTRENDIDX,M,2021-03-01,97.87606,
CZE,CLI,AMPLITUD,LTRENDIDX,M,2021-04-01,98.01221,
IND,CLI,AMPLITUD,LTRENDIDX,M,2018-01-01,100.669,
IND,CLI,AMPLITUD,LTRENDIDX,M,2018-02-01,100.8541,
IND,CLI,AMPLITUD,LTRENDIDX,M,2018-03-01,101.007,
IND,CLI,AMPLITUD,LTRENDIDX,M,2018-04-01,101.1244,
IND,CLI,AMPLITUD,LTRENDIDX,M,2018-05-01,101.2015,
IND,CLI,AMPLITUD,LTRENDIDX,M,2018-06-01,101.2358,
IND,CLI,AMPLITUD,LTRENDIDX,M,2018-07-01,101.2272,
IND,CLI,AMPLITUD,LTRENDIDX,M,2018-08-01,101.1775,
IND,CLI,AMPLITUD,LTRENDIDX,M,2018-09-01,101.0909,
IND,CLI,AMPLITUD,LTRENDIDX,M,2018-10-01,100.9745,
IND,CLI,AMPLITUD,LTRENDIDX,M,2018-11-01,100.8369,
IND,CLI,AMPLITUD,LTRENDIDX,M,2018-12-01,100.686,
IND,CLI,AMPLITUD,LTRENDIDX,M,2019-01-01,100.5292,
IND,CLI,AMPLITUD,LTRENDIDX,M,2019-02-01,100.3731,
IND,CLI,AMPLITUD,LTRENDIDX,M,2019-03-01,100.2236,
IND,CLI,AMPLITUD,LTRENDIDX,M,2019-04-01,100.0857,
IND,CLI,AMPLITUD,LTRENDIDX,M,2019-05-01,99.95975,
IND,CLI,AMPLITUD,LTRENDIDX,M,2019-06-01,99.84718,
IND,CLI,AMPLITUD,LTRENDIDX,M,2019-07-01,99.75053,
IND,CLI,AMPLITUD,LTRENDIDX,M,2019-08-01,99.672,
IND,CLI,AMPLITUD,LTRENDIDX,M,2019-09-01,99.61382,
IND,CLI,AMPLITUD,LTRENDIDX,M,2019-10-01,99.57655,
IND,CLI,AMPLITUD,LTRENDIDX,M,2019-11-01,99.55878,
IND,CLI,AMPLITUD,LTRENDIDX,M,2019-12-01,99.55926,
IND,CLI,AMPLITUD,LTRENDIDX,M,2020-01-01,99.57935,
IND,CLI,AMPLITUD,LTRENDIDX,M,2020-02-01,99.62074,
IND,CLI,AMPLITUD,LTRENDIDX,M,2020-03-01,87.13284,
IND,CLI,AMPLITUD,LTRENDIDX,M,2020-04-01,66.32992,
IND,CLI,AMPLITUD,LTRENDIDX,M,2020-05-01,81.35574,
IND,CLI,AMPLITUD,LTRENDIDX,M,2020-06-01,88.9336,
IND,CLI,AMPLITUD,LTRENDIDX,M,2020-07-01,94.04058,
IND,CLI,AMPLITUD,LTRENDIDX,M,2020-08-01,95.4996,
IND,CLI,AMPLITUD,LTRENDIDX,M,2020-09-01,96.7542,
IND,CLI,AMPLITUD,LTRENDIDX,M,2020-10-01,96.88797,
IND,CLI,AMPLITUD,LTRENDIDX,M,2020-11-01,96.98951,
IND,CLI,AMPLITUD,LTRENDIDX,M,2020-12-01,97.11568,
IND,CLI,AMPLITUD,LTRENDIDX,M,2021-01-01,97.40739,
IND,CLI,AMPLITUD,LTRENDIDX,M,2021-02-01,97.73466,
IND,CLI,AMPLITUD,LTRENDIDX,M,2021-03-01,97.87861,
IND,CLI,AMPLITUD,LTRENDIDX,M,2021-04-01,98.01694,
DEU,CLI,AMPLITUD,LTRENDIDX,M,2018-01-01,101.8357,
DEU,CLI,AMPLITUD,LTRENDIDX,M,2018-02-01,101.7689,
DEU,CLI,AMPLITUD,LTRENDIDX,M,2018-03-01,101.6732,
DEU,CLI,AMPLITUD,LTRENDIDX,M,2018-04-01,101.5631,
DEU,CLI,AMPLITUD,LTRENDIDX,M,2018-05-01,101.4523,
DEU,CLI,AMPLITUD,LTRENDIDX,M,2018-06-01,101.3453,
DEU,CLI,AMPLITUD,LTRENDIDX,M,2018-07-01,101.248,
DEU,CLI,AMPLITUD,LTRENDIDX,M,2018-08-01,101.1421,
DEU,CLI,AMPLITUD,LTRENDIDX,M,2018-09-01,101.0125,
DEU,CLI,AMPLITUD,LTRENDIDX,M,2018-10-01,100.8462,
DEU,CLI,AMPLITUD,LTRENDIDX,M,2018-11-01,100.659,
DEU,CLI,AMPLITUD,LTRENDIDX,M,2018-12-01,100.4518,
DEU,CLI,AMPLITUD,LTRENDIDX,M,2019-01-01,100.2396,
DEU,CLI,AMPLITUD,LTRENDIDX,M,2019-02-01,100.0379,
DEU,CLI,AMPLITUD,LTRENDIDX,M,2019-03-01,99.83801,
DEU,CLI,AMPLITUD,LTRENDIDX,M,2019-04-01,99.63145,
DEU,CLI,AMPLITUD,LTRENDIDX,M,2019-05-01,99.40656,
DEU,CLI,AMPLITUD,LTRENDIDX,M,2019-06-01,99.16782,
DEU,CLI,AMPLITUD,LTRENDIDX,M,2019-07-01,98.95206,
DEU,CLI,AMPLITUD,LTRENDIDX,M,2019-08-01,98.81323,
DEU,CLI,AMPLITUD,LTRENDIDX,M,2019-09-01,98.76512,
DEU,CLI,AMPLITUD,LTRENDIDX,M,2019-10-01,98.79871,
DEU,CLI,AMPLITUD,LTRENDIDX,M,2019-11-01,98.88332,
DEU,CLI,AMPLITUD,LTRENDIDX,M,2019-12-01,98.97971,
DEU,CLI,AMPLITUD,LTRENDIDX,M,2020-01-01,99.05698,
DEU,CLI,AMPLITUD,LTRENDIDX,M,2020-02-01,99.07892,
DEU,CLI,AMPLITUD,LTRENDIDX,M,2020-03-01,96.37859,
DEU,CLI,AMPLITUD,LTRENDIDX,M,2020-04-01,91.17522,
DEU,CLI,AMPLITUD,LTRENDIDX,M,2020-05-01,93.09485,
DEU,CLI,AMPLITUD,LTRENDIDX,M,2020-06-01,97.72148,
DEU,CLI,AMPLITUD,LTRENDIDX,M,2020-07-01,98.94756,
DEU,CLI,AMPLITUD,LTRENDIDX,M,2020-08-01,99.35927,
DEU,CLI,AMPLITUD,LTRENDIDX,M,2020-09-01,99.53242,
DEU,CLI,AMPLITUD,LTRENDIDX,M,2020-10-01,99.69285,
DEU,CLI,AMPLITUD,LTRENDIDX,M,2020-11-01,99.8362,
DEU,CLI,AMPLITUD,LTRENDIDX,M,2020-12-01,100.0061,
DEU,CLI,AMPLITUD,LTRENDIDX,M,2021-01-01,100.222,
DEU,CLI,AMPLITUD,LTRENDIDX,M,2021-02-01,100.4964,
DEU,CLI,AMPLITUD,LTRENDIDX,M,2021-03-01,100.8125,
DEU,CLI,AMPLITUD,LTRENDIDX,M,2021-04-01,101.1415,
AUS,CLI,AMPLITUD,LTRENDIDX,M,2018-01-01,99.74799,
AUS,CLI,AMPLITUD,LTRENDIDX,M,2018-02-01,99.65551,
AUS,CLI,AMPLITUD,LTRENDIDX,M,2018-03-01,99.62294,
AUS,CLI,AMPLITUD,LTRENDIDX,M,2018-04-01,99.6355,
AUS,CLI,AMPLITUD,LTRENDIDX,M,2018-05-01,99.6763,
AUS,CLI,AMPLITUD,LTRENDIDX,M,2018-06-01,99.71308,
AUS,CLI,AMPLITUD,LTRENDIDX,M,2018-07-01,99.71703,
AUS,CLI,AMPLITUD,LTRENDIDX,M,2018-08-01,99.67455,
AUS,CLI,AMPLITUD,LTRENDIDX,M,2018-09-01,99.59672,
AUS,CLI,AMPLITUD,LTRENDIDX,M,2018-10-01,99.50985,
AUS,CLI,AMPLITUD,LTRENDIDX,M,2018-11-01,99.44518,
AUS,CLI,AMPLITUD,LTRENDIDX,M,2018-12-01,99.43263,
AUS,CLI,AMPLITUD,LTRENDIDX,M,2019-01-01,99.47884,
AUS,CLI,AMPLITUD,LTRENDIDX,M,2019-02-01,99.57205,
AUS,CLI,AMPLITUD,LTRENDIDX,M,2019-03-01,99.69646,
AUS,CLI,AMPLITUD,LTRENDIDX,M,2019-04-01,99.84126,
AUS,CLI,AMPLITUD,LTRENDIDX,M,2019-05-01,99.97921,
AUS,CLI,AMPLITUD,LTRENDIDX,M,2019-06-01,100.0813,
AUS,CLI,AMPLITUD,LTRENDIDX,M,2019-07-01,100.1325,
AUS,CLI,AMPLITUD,LTRENDIDX,M,2019-08-01,100.1399,
AUS,CLI,AMPLITUD,LTRENDIDX,M,2019-09-01,100.1196,
AUS,CLI,AMPLITUD,LTRENDIDX,M,2019-10-01,100.0819,
AUS,CLI,AMPLITUD,LTRENDIDX,M,2019-11-01,100.0404,
AUS,CLI,AMPLITUD,LTRENDIDX,M,2019-12-01,99.9994,
AUS,CLI,AMPLITUD,LTRENDIDX,M,2020-01-01,99.978,
AUS,CLI,AMPLITUD,LTRENDIDX,M,2020-02-01,99.98043,
AUS,CLI,AMPLITUD,LTRENDIDX,M,2020-03-01,98.43465,
AUS,CLI,AMPLITUD,LTRENDIDX,M,2020-04-01,97.55141,
AUS,CLI,AMPLITUD,LTRENDIDX,M,2020-05-01,97.16005,
AUS,CLI,AMPLITUD,LTRENDIDX,M,2020-06-01,97.73713,
AUS,CLI,AMPLITUD,LTRENDIDX,M,2020-07-01,98.20316,
AUS,CLI,AMPLITUD,LTRENDIDX,M,2020-08-01,98.71923,
AUS,CLI,AMPLITUD,LTRENDIDX,M,2020-09-01,99.12247,
AUS,CLI,AMPLITUD,LTRENDIDX,M,2020-10-01,99.57941,
AUS,CLI,AMPLITUD,LTRENDIDX,M,2020-11-01,100.0349,
AUS,CLI,AMPLITUD,LTRENDIDX,M,2020-12-01,100.2404,
AUS,CLI,AMPLITUD,LTRENDIDX,M,2021-01-01,100.3437,
AUS,CLI,AMPLITUD,LTRENDIDX,M,2021-02-01,100.4155,
AUS,CLI,AMPLITUD,LTRENDIDX,M,2021-03-01,100.463,
AUS,CLI,AMPLITUD,LTRENDIDX,M,2021-04-01,100.5015,
NLD,CLI,AMPLITUD,LTRENDIDX,M,2018-01-01,101.3954,
NLD,CLI,AMPLITUD,LTRENDIDX,M,2018-02-01,101.3893,
NLD,CLI,AMPLITUD,LTRENDIDX,M,2018-03-01,101.3579,
NLD,CLI,AMPLITUD,LTRENDIDX,M,2018-04-01,101.3066,
NLD,CLI,AMPLITUD,LTRENDIDX,M,2018-05-01,101.2388,
NLD,CLI,AMPLITUD,LTRENDIDX,M,2018-06-01,101.1487,
NLD,CLI,AMPLITUD,LTRENDIDX,M,2018-07-01,101.0398,
NLD,CLI,AMPLITUD,LTRENDIDX,M,2018-08-01,100.9151,
NLD,CLI,AMPLITUD,LTRENDIDX,M,2018-09-01,100.7791,
NLD,CLI,AMPLITUD,LTRENDIDX,M,2018-10-01,100.639,
NLD,CLI,AMPLITUD,LTRENDIDX,M,2018-11-01,100.5079,
NLD,CLI,AMPLITUD,LTRENDIDX,M,2018-12-01,100.3913,
NLD,CLI,AMPLITUD,LTRENDIDX,M,2019-01-01,100.2953,
NLD,CLI,AMPLITUD,LTRENDIDX,M,2019-02-01,100.227,
NLD,CLI,AMPLITUD,LTRENDIDX,M,2019-03-01,100.1721,
NLD,CLI,AMPLITUD,LTRENDIDX,M,2019-04-01,100.1199,
NLD,CLI,AMPLITUD,LTRENDIDX,M,2019-05-01,100.0619,
NLD,CLI,AMPLITUD,LTRENDIDX,M,2019-06-01,100.0007,
NLD,CLI,AMPLITUD,LTRENDIDX,M,2019-07-01,99.94431,
NLD,CLI,AMPLITUD,LTRENDIDX,M,2019-08-01,99.88979,
NLD,CLI,AMPLITUD,LTRENDIDX,M,2019-09-01,99.83915,
NLD,CLI,AMPLITUD,LTRENDIDX,M,2019-10-01,99.7981,
NLD,CLI,AMPLITUD,LTRENDIDX,M,2019-11-01,99.76358,
NLD,CLI,AMPLITUD,LTRENDIDX,M,2019-12-01,99.72718,
NLD,CLI,AMPLITUD,LTRENDIDX,M,2020-01-01,99.6743,
NLD,CLI,AMPLITUD,LTRENDIDX,M,2020-02-01,99.58983,
NLD,CLI,AMPLITUD,LTRENDIDX,M,2020-03-01,98.87505,
NLD,CLI,AMPLITUD,LTRENDIDX,M,2020-04-01,94.08903,
NLD,CLI,AMPLITUD,LTRENDIDX,M,2020-05-01,94.98489,
NLD,CLI,AMPLITUD,LTRENDIDX,M,2020-06-01,96.93044,
NLD,CLI,AMPLITUD,LTRENDIDX,M,2020-07-01,98.16473,
NLD,CLI,AMPLITUD,LTRENDIDX,M,2020-08-01,98.33984,
NLD,CLI,AMPLITUD,LTRENDIDX,M,2020-09-01,98.40878,
NLD,CLI,AMPLITUD,LTRENDIDX,M,2020-10-01,98.50298,
NLD,CLI,AMPLITUD,LTRENDIDX,M,2020-11-01,98.79272,
NLD,CLI,AMPLITUD,LTRENDIDX,M,2020-12-01,99.18259,
NLD,CLI,AMPLITUD,LTRENDIDX,M,2021-01-01,99.58549,
NLD,CLI,AMPLITUD,LTRENDIDX,M,2021-02-01,99.9101,
NLD,CLI,AMPLITUD,LTRENDIDX,M,2021-03-01,100.3387,
NLD,CLI,AMPLITUD,LTRENDIDX,M,2021-04-01,100.9878,
CHE,CLI,AMPLITUD,LTRENDIDX,M,2018-01-01,101.4085,
CHE,CLI,AMPLITUD,LTRENDIDX,M,2018-02-01,101.3376,
CHE,CLI,AMPLITUD,LTRENDIDX,M,2018-03-01,101.2043,
CHE,CLI,AMPLITUD,LTRENDIDX,M,2018-04-01,101.0359,
CHE,CLI,AMPLITUD,LTRENDIDX,M,2018-05-01,100.8376,
CHE,CLI,AMPLITUD,LTRENDIDX,M,2018-06-01,100.5993,
CHE,CLI,AMPLITUD,LTRENDIDX,M,2018-07-01,100.3258,
CHE,CLI,AMPLITUD,LTRENDIDX,M,2018-08-01,100.0391,
CHE,CLI,AMPLITUD,LTRENDIDX,M,2018-09-01,99.77103,
CHE,CLI,AMPLITUD,LTRENDIDX,M,2018-10-01,99.52975,
CHE,CLI,AMPLITUD,LTRENDIDX,M,2018-11-01,99.35514,
CHE,CLI,AMPLITUD,LTRENDIDX,M,2018-12-01,99.25766,
CHE,CLI,AMPLITUD,LTRENDIDX,M,2019-01-01,99.24561,
CHE,CLI,AMPLITUD,LTRENDIDX,M,2019-02-01,99.30202,
CHE,CLI,AMPLITUD,LTRENDIDX,M,2019-03-01,99.37546,
CHE,CLI,AMPLITUD,LTRENDIDX,M,2019-04-01,99.45036,
CHE,CLI,AMPLITUD,LTRENDIDX,M,2019-05-01,99.501,
CHE,CLI,AMPLITUD,LTRENDIDX,M,2019-06-01,99.51907,
CHE,CLI,AMPLITUD,LTRENDIDX,M,2019-07-01,99.51798,
CHE,CLI,AMPLITUD,LTRENDIDX,M,2019-08-01,99.53112,
CHE,CLI,AMPLITUD,LTRENDIDX,M,2019-09-01,99.51582,
CHE,CLI,AMPLITUD,LTRENDIDX,M,2019-10-01,99.47594,
CHE,CLI,AMPLITUD,LTRENDIDX,M,2019-11-01,99.38329,
CHE,CLI,AMPLITUD,LTRENDIDX,M,2019-12-01,99.24555,
CHE,CLI,AMPLITUD,LTRENDIDX,M,2020-01-01,99.06726,
CHE,CLI,AMPLITUD,LTRENDIDX,M,2020-02-01,98.86261,
CHE,CLI,AMPLITUD,LTRENDIDX,M,2020-03-01,97.5256,
CHE,CLI,AMPLITUD,LTRENDIDX,M,2020-04-01,95.33069,
CHE,CLI,AMPLITUD,LTRENDIDX,M,2020-05-01,92.954,
CHE,CLI,AMPLITUD,LTRENDIDX,M,2020-06-01,97.1748,
CHE,CLI,AMPLITUD,LTRENDIDX,M,2020-07-01,99.22046,
CHE,CLI,AMPLITUD,LTRENDIDX,M,2020-08-01,100.1059,
CHE,CLI,AMPLITUD,LTRENDIDX,M,2020-09-01,100.3555,
CHE,CLI,AMPLITUD,LTRENDIDX,M,2020-10-01,100.5172,
CHE,CLI,AMPLITUD,LTRENDIDX,M,2020-11-01,100.6147,
CHE,CLI,AMPLITUD,LTRENDIDX,M,2020-12-01,100.6993,
CHE,CLI,AMPLITUD,LTRENDIDX,M,2021-01-01,100.7597,
CHE,CLI,AMPLITUD,LTRENDIDX,M,2021-02-01,100.8078,
CHE,CLI,AMPLITUD,LTRENDIDX,M,2021-03-01,100.8442,
CHE,CLI,AMPLITUD,LTRENDIDX,M,2021-04-01,100.8399,
PRT,CLI,AMPLITUD,LTRENDIDX,M,2018-01-01,102.0005,
PRT,CLI,AMPLITUD,LTRENDIDX,M,2018-02-01,101.958,
PRT,CLI,AMPLITUD,LTRENDIDX,M,2018-03-01,101.9893,
PRT,CLI,AMPLITUD,LTRENDIDX,M,2018-04-01,101.9956,
PRT,CLI,AMPLITUD,LTRENDIDX,M,2018-05-01,102.0246,
PRT,CLI,AMPLITUD,LTRENDIDX,M,2018-06-01,102.0984,
PRT,CLI,AMPLITUD,LTRENDIDX,M,2018-07-01,102.1107,
PRT,CLI,AMPLITUD,LTRENDIDX,M,2018-08-01,101.9587,
PRT,CLI,AMPLITUD,LTRENDIDX,M,2018-09-01,101.6137,
PRT,CLI,AMPLITUD,LTRENDIDX,M,2018-10-01,101.1467,
PRT,CLI,AMPLITUD,LTRENDIDX,M,2018-11-01,100.6454,
PRT,CLI,AMPLITUD,LTRENDIDX,M,2018-12-01,100.1524,
PRT,CLI,AMPLITUD,LTRENDIDX,M,2019-01-01,99.7374,
PRT,CLI,AMPLITUD,LTRENDIDX,M,2019-02-01,99.46358,
PRT,CLI,AMPLITUD,LTRENDIDX,M,2019-03-01,99.39114,
PRT,CLI,AMPLITUD,LTRENDIDX,M,2019-04-01,99.48759,
PRT,CLI,AMPLITUD,LTRENDIDX,M,2019-05-01,99.67213,
PRT,CLI,AMPLITUD,LTRENDIDX,M,2019-06-01,99.90343,
PRT,CLI,AMPLITUD,LTRENDIDX,M,2019-07-01,100.1399,
PRT,CLI,AMPLITUD,LTRENDIDX,M,2019-08-01,100.3352,
PRT,CLI,AMPLITUD,LTRENDIDX,M,2019-09-01,100.492,
PRT,CLI,AMPLITUD,LTRENDIDX,M,2019-10-01,100.5933,
PRT,CLI,AMPLITUD,LTRENDIDX,M,2019-11-01,100.5724,
PRT,CLI,AMPLITUD,LTRENDIDX,M,2019-12-01,100.3183,
PRT,CLI,AMPLITUD,LTRENDIDX,M,2020-01-01,99.80607,
PRT,CLI,AMPLITUD,LTRENDIDX,M,2020-02-01,99.12301,
PRT,CLI,AMPLITUD,LTRENDIDX,M,2020-03-01,97.97612,
PRT,CLI,AMPLITUD,LTRENDIDX,M,2020-04-01,88.28382,
PRT,CLI,AMPLITUD,LTRENDIDX,M,2020-05-01,89.3597,
PRT,CLI,AMPLITUD,LTRENDIDX,M,2020-06-01,93.71104,
PRT,CLI,AMPLITUD,LTRENDIDX,M,2020-07-01,94.75073,
PRT,CLI,AMPLITUD,LTRENDIDX,M,2020-08-01,95.40045,
PRT,CLI,AMPLITUD,LTRENDIDX,M,2020-09-01,95.96249,
PRT,CLI,AMPLITUD,LTRENDIDX,M,2020-10-01,96.11914,
PRT,CLI,AMPLITUD,LTRENDIDX,M,2020-11-01,96.00652,
PRT,CLI,AMPLITUD,LTRENDIDX,M,2020-12-01,96.13723,
PRT,CLI,AMPLITUD,LTRENDIDX,M,2021-01-01,96.16825,
PRT,CLI,AMPLITUD,LTRENDIDX,M,2021-02-01,96.28204,
PRT,CLI,AMPLITUD,LTRENDIDX,M,2021-03-01,96.62752,
PRT,CLI,AMPLITUD,LTRENDIDX,M,2021-04-01,97.14284,
CAN,CLI,AMPLITUD,LTRENDIDX,M,2018-01-01,100.9798,
CAN,CLI,AMPLITUD,LTRENDIDX,M,2018-02-01,100.8405,
CAN,CLI,AMPLITUD,LTRENDIDX,M,2018-03-01,100.7007,
CAN,CLI,AMPLITUD,LTRENDIDX,M,2018-04-01,100.5698,
CAN,CLI,AMPLITUD,LTRENDIDX,M,2018-05-01,100.4546,
CAN,CLI,AMPLITUD,LTRENDIDX,M,2018-06-01,100.3273,
CAN,CLI,AMPLITUD,LTRENDIDX,M,2018-07-01,100.1576,
CAN,CLI,AMPLITUD,LTRENDIDX,M,2018-08-01,99.93751,
CAN,CLI,AMPLITUD,LTRENDIDX,M,2018-09-01,99.66792,
CAN,CLI,AMPLITUD,LTRENDIDX,M,2018-10-01,99.37228,
CAN,CLI,AMPLITUD,LTRENDIDX,M,2018-11-01,99.07777,
CAN,CLI,AMPLITUD,LTRENDIDX,M,2018-12-01,98.81876,
CAN,CLI,AMPLITUD,LTRENDIDX,M,2019-01-01,98.63473,
CAN,CLI,AMPLITUD,LTRENDIDX,M,2019-02-01,98.514,
CAN,CLI,AMPLITUD,LTRENDIDX,M,2019-03-01,98.43365,
CAN,CLI,AMPLITUD,LTRENDIDX,M,2019-04-01,98.35741,
CAN,CLI,AMPLITUD,LTRENDIDX,M,2019-05-01,98.27142,
CAN,CLI,AMPLITUD,LTRENDIDX,M,2019-06-01,98.15913,
CAN,CLI,AMPLITUD,LTRENDIDX,M,2019-07-01,98.02227,
CAN,CLI,AMPLITUD,LTRENDIDX,M,2019-08-01,97.8778,
CAN,CLI,AMPLITUD,LTRENDIDX,M,2019-09-01,97.75415,
CAN,CLI,AMPLITUD,LTRENDIDX,M,2019-10-01,97.67559,
CAN,CLI,AMPLITUD,LTRENDIDX,M,2019-11-01,97.66429,
CAN,CLI,AMPLITUD,LTRENDIDX,M,2019-12-01,97.73763,
CAN,CLI,AMPLITUD,LTRENDIDX,M,2020-01-01,97.91142,
CAN,CLI,AMPLITUD,LTRENDIDX,M,2020-02-01,98.17069,
CAN,CLI,AMPLITUD,LTRENDIDX,M,2020-03-01,96.33729,
CAN,CLI,AMPLITUD,LTRENDIDX,M,2020-04-01,95.4112,
CAN,CLI,AMPLITUD,LTRENDIDX,M,2020-05-01,96.4751,
CAN,CLI,AMPLITUD,LTRENDIDX,M,2020-06-01,97.69352,
CAN,CLI,AMPLITUD,LTRENDIDX,M,2020-07-01,98.18893,
CAN,CLI,AMPLITUD,LTRENDIDX,M,2020-08-01,98.70448,
CAN,CLI,AMPLITUD,LTRENDIDX,M,2020-09-01,98.93602,
CAN,CLI,AMPLITUD,LTRENDIDX,M,2020-10-01,99.15674,
CAN,CLI,AMPLITUD,LTRENDIDX,M,2020-11-01,99.4752,
CAN,CLI,AMPLITUD,LTRENDIDX,M,2020-12-01,99.81171,
CAN,CLI,AMPLITUD,LTRENDIDX,M,2021-01-01,99.96105,
CAN,CLI,AMPLITUD,LTRENDIDX,M,2021-02-01,100.2381,
CAN,CLI,AMPLITUD,LTRENDIDX,M,2021-03-01,100.4787,
CAN,CLI,AMPLITUD,LTRENDIDX,M,2021-04-01,100.7164,
ZAF,CLI,AMPLITUD,LTRENDIDX,M,2018-01-01,100.6284,
ZAF,CLI,AMPLITUD,LTRENDIDX,M,2018-02-01,100.6327,
ZAF,CLI,AMPLITUD,LTRENDIDX,M,2018-03-01,100.5966,
ZAF,CLI,AMPLITUD,LTRENDIDX,M,2018-04-01,100.5376,
ZAF,CLI,AMPLITUD,LTRENDIDX,M,2018-05-01,100.4763,
ZAF,CLI,AMPLITUD,LTRENDIDX,M,2018-06-01,100.411,
ZAF,CLI,AMPLITUD,LTRENDIDX,M,2018-07-01,100.3385,
ZAF,CLI,AMPLITUD,LTRENDIDX,M,2018-08-01,100.2621,
ZAF,CLI,AMPLITUD,LTRENDIDX,M,2018-09-01,100.18,
ZAF,CLI,AMPLITUD,LTRENDIDX,M,2018-10-01,100.0917,
ZAF,CLI,AMPLITUD,LTRENDIDX,M,2018-11-01,100.0059,
ZAF,CLI,AMPLITUD,LTRENDIDX,M,2018-12-01,99.92975,
ZAF,CLI,AMPLITUD,LTRENDIDX,M,2019-01-01,99.8726,
ZAF,CLI,AMPLITUD,LTRENDIDX,M,2019-02-01,99.83249,
ZAF,CLI,AMPLITUD,LTRENDIDX,M,2019-03-01,99.79825,
ZAF,CLI,AMPLITUD,LTRENDIDX,M,2019-04-01,99.76099,
ZAF,CLI,AMPLITUD,LTRENDIDX,M,2019-05-01,99.7216,
ZAF,CLI,AMPLITUD,LTRENDIDX,M,2019-06-01,99.68558,
ZAF,CLI,AMPLITUD,LTRENDIDX,M,2019-07-01,99.65,
ZAF,CLI,AMPLITUD,LTRENDIDX,M,2019-08-01,99.62127,
ZAF,CLI,AMPLITUD,LTRENDIDX,M,2019-09-01,99.60875,
ZAF,CLI,AMPLITUD,LTRENDIDX,M,2019-10-01,99.60728,
ZAF,CLI,AMPLITUD,LTRENDIDX,M,2019-11-01,99.6088,
ZAF,CLI,AMPLITUD,LTRENDIDX,M,2019-12-01,99.61055,
ZAF,CLI,AMPLITUD,LTRENDIDX,M,2020-01-01,99.60344,
ZAF,CLI,AMPLITUD,LTRENDIDX,M,2020-02-01,99.58154,
ZAF,CLI,AMPLITUD,LTRENDIDX,M,2020-03-01,96.40885,
ZAF,CLI,AMPLITUD,LTRENDIDX,M,2020-04-01,92.82703,
ZAF,CLI,AMPLITUD,LTRENDIDX,M,2020-05-01,94.06127,
ZAF,CLI,AMPLITUD,LTRENDIDX,M,2020-06-01,96.68918,
ZAF,CLI,AMPLITUD,LTRENDIDX,M,2020-07-01,97.87093,
ZAF,CLI,AMPLITUD,LTRENDIDX,M,2020-08-01,99.22291,
ZAF,CLI,AMPLITUD,LTRENDIDX,M,2020-09-01,99.6546,
ZAF,CLI,AMPLITUD,LTRENDIDX,M,2020-10-01,99.89574,
ZAF,CLI,AMPLITUD,LTRENDIDX,M,2020-11-01,100.2687,
ZAF,CLI,AMPLITUD,LTRENDIDX,M,2020-12-01,100.349,
ZAF,CLI,AMPLITUD,LTRENDIDX,M,2021-01-01,100.3547,
ZAF,CLI,AMPLITUD,LTRENDIDX,M,2021-02-01,100.4572,
ZAF,CLI,AMPLITUD,LTRENDIDX,M,2021-03-01,100.6669,
ZAF,CLI,AMPLITUD,LTRENDIDX,M,2021-04-01,100.8048,
ISR,CLI,AMPLITUD,LTRENDIDX,M,2018-01-01,100.4974,
ISR,CLI,AMPLITUD,LTRENDIDX,M,2018-02-01,100.6196,
ISR,CLI,AMPLITUD,LTRENDIDX,M,2018-03-01,100.7086,
ISR,CLI,AMPLITUD,LTRENDIDX,M,2018-04-01,100.7499,
ISR,CLI,AMPLITUD,LTRENDIDX,M,2018-05-01,100.7529,
ISR,CLI,AMPLITUD,LTRENDIDX,M,2018-06-01,100.7271,
ISR,CLI,AMPLITUD,LTRENDIDX,M,2018-07-01,100.6876,
ISR,CLI,AMPLITUD,LTRENDIDX,M,2018-08-01,100.6378,
ISR,CLI,AMPLITUD,LTRENDIDX,M,2018-09-01,100.5792,
ISR,CLI,AMPLITUD,LTRENDIDX,M,2018-10-01,100.5039,
ISR,CLI,AMPLITUD,LTRENDIDX,M,2018-11-01,100.408,
ISR,CLI,AMPLITUD,LTRENDIDX,M,2018-12-01,100.296,
ISR,CLI,AMPLITUD,LTRENDIDX,M,2019-01-01,100.2033,
ISR,CLI,AMPLITUD,LTRENDIDX,M,2019-02-01,100.1397,
ISR,CLI,AMPLITUD,LTRENDIDX,M,2019-03-01,100.0862,
ISR,CLI,AMPLITUD,LTRENDIDX,M,2019-04-01,100.0303,
ISR,CLI,AMPLITUD,LTRENDIDX,M,2019-05-01,99.96268,
ISR,CLI,AMPLITUD,LTRENDIDX,M,2019-06-01,99.88583,
ISR,CLI,AMPLITUD,LTRENDIDX,M,2019-07-01,99.81343,
ISR,CLI,AMPLITUD,LTRENDIDX,M,2019-08-01,99.78409,
ISR,CLI,AMPLITUD,LTRENDIDX,M,2019-09-01,99.85473,
ISR,CLI,AMPLITUD,LTRENDIDX,M,2019-10-01,99.99432,
ISR,CLI,AMPLITUD,LTRENDIDX,M,2019-11-01,100.122,
ISR,CLI,AMPLITUD,LTRENDIDX,M,2019-12-01,100.169,
ISR,CLI,AMPLITUD,LTRENDIDX,M,2020-01-01,100.1078,
ISR,CLI,AMPLITUD,LTRENDIDX,M,2020-02-01,99.94191,
ISR,CLI,AMPLITUD,LTRENDIDX,M,2020-03-01,92.74403,
ISR,CLI,AMPLITUD,LTRENDIDX,M,2020-04-01,88.15049,
ISR,CLI,AMPLITUD,LTRENDIDX,M,2020-05-01,95.08813,
ISR,CLI,AMPLITUD,LTRENDIDX,M,2020-06-01,95.08411,
ISR,CLI,AMPLITUD,LTRENDIDX,M,2020-07-01,94.89905,
ISR,CLI,AMPLITUD,LTRENDIDX,M,2020-08-01,94.87474,
ISR,CLI,AMPLITUD,LTRENDIDX,M,2020-09-01,92.87473,
ISR,CLI,AMPLITUD,LTRENDIDX,M,2020-10-01,92.80991,
ISR,CLI,AMPLITUD,LTRENDIDX,M,2020-11-01,95.49488,
ISR,CLI,AMPLITUD,LTRENDIDX,M,2020-12-01,95.79432,
ISR,CLI,AMPLITUD,LTRENDIDX,M,2021-01-01,96.06272,
ISR,CLI,AMPLITUD,LTRENDIDX,M,2021-02-01,96.32658,
ISR,CLI,AMPLITUD,LTRENDIDX,M,2021-03-01,96.69231,
ISR,CLI,AMPLITUD,LTRENDIDX,M,2021-04-01,97.55129,
G-7,CLI,AMPLITUD,LTRENDIDX,M,2018-01-01,100.9766,
G-7,CLI,AMPLITUD,LTRENDIDX,M,2018-02-01,100.9952,
G-7,CLI,AMPLITUD,LTRENDIDX,M,2018-03-01,100.9861,
G-7,CLI,AMPLITUD,LTRENDIDX,M,2018-04-01,100.9518,
G-7,CLI,AMPLITUD,LTRENDIDX,M,2018-05-01,100.8988,
G-7,CLI,AMPLITUD,LTRENDIDX,M,2018-06-01,100.8262,
G-7,CLI,AMPLITUD,LTRENDIDX,M,2018-07-01,100.7311,
G-7,CLI,AMPLITUD,LTRENDIDX,M,2018-08-01,100.6089,
G-7,CLI,AMPLITUD,LTRENDIDX,M,2018-09-01,100.4525,
G-7,CLI,AMPLITUD,LTRENDIDX,M,2018-10-01,100.2626,
G-7,CLI,AMPLITUD,LTRENDIDX,M,2018-11-01,100.0556,
G-7,CLI,AMPLITUD,LTRENDIDX,M,2018-12-01,99.84898,
G-7,CLI,AMPLITUD,LTRENDIDX,M,2019-01-01,99.66795,
G-7,CLI,AMPLITUD,LTRENDIDX,M,2019-02-01,99.52469,
G-7,CLI,AMPLITUD,LTRENDIDX,M,2019-03-01,99.41293,
G-7,CLI,AMPLITUD,LTRENDIDX,M,2019-04-01,99.31414,
G-7,CLI,AMPLITUD,LTRENDIDX,M,2019-05-01,99.21866,
G-7,CLI,AMPLITUD,LTRENDIDX,M,2019-06-01,99.12244,
G-7,CLI,AMPLITUD,LTRENDIDX,M,2019-07-01,99.03304,
G-7,CLI,AMPLITUD,LTRENDIDX,M,2019-08-01,98.96091,
G-7,CLI,AMPLITUD,LTRENDIDX,M,2019-09-01,98.92694,
G-7,CLI,AMPLITUD,LTRENDIDX,M,2019-10-01,98.93068,
G-7,CLI,AMPLITUD,LTRENDIDX,M,2019-11-01,98.95977,
G-7,CLI,AMPLITUD,LTRENDIDX,M,2019-12-01,98.9938,
G-7,CLI,AMPLITUD,LTRENDIDX,M,2020-01-01,99.01124,
G-7,CLI,AMPLITUD,LTRENDIDX,M,2020-02-01,98.9995,
G-7,CLI,AMPLITUD,LTRENDIDX,M,2020-03-01,96.83344,
G-7,CLI,AMPLITUD,LTRENDIDX,M,2020-04-01,92.09246,
G-7,CLI,AMPLITUD,LTRENDIDX,M,2020-05-01,93.82201,
G-7,CLI,AMPLITUD,LTRENDIDX,M,2020-06-01,96.32156,
G-7,CLI,AMPLITUD,LTRENDIDX,M,2020-07-01,97.85841,
G-7,CLI,AMPLITUD,LTRENDIDX,M,2020-08-01,98.43737,
G-7,CLI,AMPLITUD,LTRENDIDX,M,2020-09-01,98.62901,
G-7,CLI,AMPLITUD,LTRENDIDX,M,2020-10-01,98.83286,
G-7,CLI,AMPLITUD,LTRENDIDX,M,2020-11-01,99.05614,
G-7,CLI,AMPLITUD,LTRENDIDX,M,2020-12-01,99.31097,
G-7,CLI,AMPLITUD,LTRENDIDX,M,2021-01-01,99.53619,
G-7,CLI,AMPLITUD,LTRENDIDX,M,2021-02-01,99.8007,
G-7,CLI,AMPLITUD,LTRENDIDX,M,2021-03-01,100.0673,
G-7,CLI,AMPLITUD,LTRENDIDX,M,2021-04-01,100.324,
MEX,CLI,AMPLITUD,LTRENDIDX,M,2018-01-01,102.0454,
MEX,CLI,AMPLITUD,LTRENDIDX,M,2018-02-01,102.0226,
MEX,CLI,AMPLITUD,LTRENDIDX,M,2018-03-01,102.016,
MEX,CLI,AMPLITUD,LTRENDIDX,M,2018-04-01,102.0574,
MEX,CLI,AMPLITUD,LTRENDIDX,M,2018-05-01,102.1251,
MEX,CLI,AMPLITUD,LTRENDIDX,M,2018-06-01,102.2455,
MEX,CLI,AMPLITUD,LTRENDIDX,M,2018-07-01,102.3683,
MEX,CLI,AMPLITUD,LTRENDIDX,M,2018-08-01,102.4115,
MEX,CLI,AMPLITUD,LTRENDIDX,M,2018-09-01,102.3255,
MEX,CLI,AMPLITUD,LTRENDIDX,M,2018-10-01,102.0881,
MEX,CLI,AMPLITUD,LTRENDIDX,M,2018-11-01,101.8396,
MEX,CLI,AMPLITUD,LTRENDIDX,M,2018-12-01,101.6642,
MEX,CLI,AMPLITUD,LTRENDIDX,M,2019-01-01,101.5739,
MEX,CLI,AMPLITUD,LTRENDIDX,M,2019-02-01,101.4918,
MEX,CLI,AMPLITUD,LTRENDIDX,M,2019-03-01,101.3746,
MEX,CLI,AMPLITUD,LTRENDIDX,M,2019-04-01,101.2113,
MEX,CLI,AMPLITUD,LTRENDIDX,M,2019-05-01,100.9464,
MEX,CLI,AMPLITUD,LTRENDIDX,M,2019-06-01,100.6103,
MEX,CLI,AMPLITUD,LTRENDIDX,M,2019-07-01,100.2583,
MEX,CLI,AMPLITUD,LTRENDIDX,M,2019-08-01,99.97554,
MEX,CLI,AMPLITUD,LTRENDIDX,M,2019-09-01,99.8159,
MEX,CLI,AMPLITUD,LTRENDIDX,M,2019-10-01,99.78838,
MEX,CLI,AMPLITUD,LTRENDIDX,M,2019-11-01,99.89956,
MEX,CLI,AMPLITUD,LTRENDIDX,M,2019-12-01,100.0405,
MEX,CLI,AMPLITUD,LTRENDIDX,M,2020-01-01,100.1568,
MEX,CLI,AMPLITUD,LTRENDIDX,M,2020-02-01,100.1993,
MEX,CLI,AMPLITUD,LTRENDIDX,M,2020-03-01,96.47186,
MEX,CLI,AMPLITUD,LTRENDIDX,M,2020-04-01,86.22515,
MEX,CLI,AMPLITUD,LTRENDIDX,M,2020-05-01,88.36767,
MEX,CLI,AMPLITUD,LTRENDIDX,M,2020-06-01,94.92216,
MEX,CLI,AMPLITUD,LTRENDIDX,M,2020-07-01,95.87455,
MEX,CLI,AMPLITUD,LTRENDIDX,M,2020-08-01,96.81282,
MEX,CLI,AMPLITUD,LTRENDIDX,M,2020-09-01,97.19916,
MEX,CLI,AMPLITUD,LTRENDIDX,M,2020-10-01,97.7552,
MEX,CLI,AMPLITUD,LTRENDIDX,M,2020-11-01,98.44254,
MEX,CLI,AMPLITUD,LTRENDIDX,M,2020-12-01,98.86079,
MEX,CLI,AMPLITUD,LTRENDIDX,M,2021-01-01,99.19923,
MEX,CLI,AMPLITUD,LTRENDIDX,M,2021-02-01,99.46703,
MEX,CLI,AMPLITUD,LTRENDIDX,M,2021-03-01,99.73011,
MEX,CLI,AMPLITUD,LTRENDIDX,M,2021-04-01,100.0049,
RUS,CLI,AMPLITUD,LTRENDIDX,M,2018-01-01,101.2765,
RUS,CLI,AMPLITUD,LTRENDIDX,M,2018-02-01,101.3545,
RUS,CLI,AMPLITUD,LTRENDIDX,M,2018-03-01,101.3928,
RUS,CLI,AMPLITUD,LTRENDIDX,M,2018-04-01,101.4014,
RUS,CLI,AMPLITUD,LTRENDIDX,M,2018-05-01,101.3816,
RUS,CLI,AMPLITUD,LTRENDIDX,M,2018-06-01,101.3238,
RUS,CLI,AMPLITUD,LTRENDIDX,M,2018-07-01,101.2277,
RUS,CLI,AMPLITUD,LTRENDIDX,M,2018-08-01,101.0917,
RUS,CLI,AMPLITUD,LTRENDIDX,M,2018-09-01,100.9193,
RUS,CLI,AMPLITUD,LTRENDIDX,M,2018-10-01,100.7058,
RUS,CLI,AMPLITUD,LTRENDIDX,M,2018-11-01,100.4797,
RUS,CLI,AMPLITUD,LTRENDIDX,M,2018-12-01,100.2998,
RUS,CLI,AMPLITUD,LTRENDIDX,M,2019-01-01,100.2052,
RUS,CLI,AMPLITUD,LTRENDIDX,M,2019-02-01,100.1812,
RUS,CLI,AMPLITUD,LTRENDIDX,M,2019-03-01,100.1996,
RUS,CLI,AMPLITUD,LTRENDIDX,M,2019-04-01,100.2293,
RUS,CLI,AMPLITUD,LTRENDIDX,M,2019-05-01,100.2407,
RUS,CLI,AMPLITUD,LTRENDIDX,M,2019-06-01,100.2291,
RUS,CLI,AMPLITUD,LTRENDIDX,M,2019-07-01,100.2077,
RUS,CLI,AMPLITUD,LTRENDIDX,M,2019-08-01,100.1863,
RUS,CLI,AMPLITUD,LTRENDIDX,M,2019-09-01,100.1748,
RUS,CLI,AMPLITUD,LTRENDIDX,M,2019-10-01,100.1521,
RUS,CLI,AMPLITUD,LTRENDIDX,M,2019-11-01,100.0891,
RUS,CLI,AMPLITUD,LTRENDIDX,M,2019-12-01,99.94935,
RUS,CLI,AMPLITUD,LTRENDIDX,M,2020-01-01,99.71225,
RUS,CLI,AMPLITUD,LTRENDIDX,M,2020-02-01,99.40833,
RUS,CLI,AMPLITUD,LTRENDIDX,M,2020-03-01,98.07125,
RUS,CLI,AMPLITUD,LTRENDIDX,M,2020-04-01,91.02823,
RUS,CLI,AMPLITUD,LTRENDIDX,M,2020-05-01,93.13928,
RUS,CLI,AMPLITUD,LTRENDIDX,M,2020-06-01,98.0004,
RUS,CLI,AMPLITUD,LTRENDIDX,M,2020-07-01,98.7903,
RUS,CLI,AMPLITUD,LTRENDIDX,M,2020-08-01,98.86152,
RUS,CLI,AMPLITUD,LTRENDIDX,M,2020-09-01,98.95415,
RUS,CLI,AMPLITUD,LTRENDIDX,M,2020-10-01,99.07896,
RUS,CLI,AMPLITUD,LTRENDIDX,M,2020-11-01,99.24738,
RUS,CLI,AMPLITUD,LTRENDIDX,M,2020-12-01,99.45161,
RUS,CLI,AMPLITUD,LTRENDIDX,M,2021-01-01,99.68519,
RUS,CLI,AMPLITUD,LTRENDIDX,M,2021-02-01,99.94279,
RUS,CLI,AMPLITUD,LTRENDIDX,M,2021-03-01,100.2125,
RUS,CLI,AMPLITUD,LTRENDIDX,M,2021-04-01,100.4811,
SWE,CLI,AMPLITUD,LTRENDIDX,M,2018-01-01,100.5939,
SWE,CLI,AMPLITUD,LTRENDIDX,M,2018-02-01,100.5801,
SWE,CLI,AMPLITUD,LTRENDIDX,M,2018-03-01,100.5817,
SWE,CLI,AMPLITUD,LTRENDIDX,M,2018-04-01,100.5859,
SWE,CLI,AMPLITUD,LTRENDIDX,M,2018-05-01,100.5696,
SWE,CLI,AMPLITUD,LTRENDIDX,M,2018-06-01,100.5218,
SWE,CLI,AMPLITUD,LTRENDIDX,M,2018-07-01,100.45,
SWE,CLI,AMPLITUD,LTRENDIDX,M,2018-08-01,100.3327,
SWE,CLI,AMPLITUD,LTRENDIDX,M,2018-09-01,100.1736,
SWE,CLI,AMPLITUD,LTRENDIDX,M,2018-10-01,99.9826,
SWE,CLI,AMPLITUD,LTRENDIDX,M,2018-11-01,99.78365,
SWE,CLI,AMPLITUD,LTRENDIDX,M,2018-12-01,99.59834,
SWE,CLI,AMPLITUD,LTRENDIDX,M,2019-01-01,99.44401,
SWE,CLI,AMPLITUD,LTRENDIDX,M,2019-02-01,99.33614,
SWE,CLI,AMPLITUD,LTRENDIDX,M,2019-03-01,99.26959,
SWE,CLI,AMPLITUD,LTRENDIDX,M,2019-04-01,99.22279,
SWE,CLI,AMPLITUD,LTRENDIDX,M,2019-05-01,99.15976,
SWE,CLI,AMPLITUD,LTRENDIDX,M,2019-06-01,99.07523,
SWE,CLI,AMPLITUD,LTRENDIDX,M,2019-07-01,98.96021,
SWE,CLI,AMPLITUD,LTRENDIDX,M,2019-08-01,98.82859,
SWE,CLI,AMPLITUD,LTRENDIDX,M,2019-09-01,98.69357,
SWE,CLI,AMPLITUD,LTRENDIDX,M,2019-10-01,98.56985,
SWE,CLI,AMPLITUD,LTRENDIDX,M,2019-11-01,98.46558,
SWE,CLI,AMPLITUD,LTRENDIDX,M,2019-12-01,98.37875,
SWE,CLI,AMPLITUD,LTRENDIDX,M,2020-01-01,98.29981,
SWE,CLI,AMPLITUD,LTRENDIDX,M,2020-02-01,98.20418,
SWE,CLI,AMPLITUD,LTRENDIDX,M,2020-03-01,97.42793,
SWE,CLI,AMPLITUD,LTRENDIDX,M,2020-04-01,94.73032,
SWE,CLI,AMPLITUD,LTRENDIDX,M,2020-05-01,95.16088,
SWE,CLI,AMPLITUD,LTRENDIDX,M,2020-06-01,96.53124,
SWE,CLI,AMPLITUD,LTRENDIDX,M,2020-07-01,97.45184,
SWE,CLI,AMPLITUD,LTRENDIDX,M,2020-08-01,97.89717,
SWE,CLI,AMPLITUD,LTRENDIDX,M,2020-09-01,98.37745,
SWE,CLI,AMPLITUD,LTRENDIDX,M,2020-10-01,98.72063,
SWE,CLI,AMPLITUD,LTRENDIDX,M,2020-11-01,99.08491,
SWE,CLI,AMPLITUD,LTRENDIDX,M,2020-12-01,99.48694,
SWE,CLI,AMPLITUD,LTRENDIDX,M,2021-01-01,99.91461,
SWE,CLI,AMPLITUD,LTRENDIDX,M,2021-02-01,100.3421,
SWE,CLI,AMPLITUD,LTRENDIDX,M,2021-03-01,100.749,
SWE,CLI,AMPLITUD,LTRENDIDX,M,2021-04-01,101.1191,
EA19,CLI,AMPLITUD,LTRENDIDX,M,2018-01-01,101.8479,
EA19,CLI,AMPLITUD,LTRENDIDX,M,2018-02-01,101.7813,
EA19,CLI,AMPLITUD,LTRENDIDX,M,2018-03-01,101.6844,
EA19,CLI,AMPLITUD,LTRENDIDX,M,2018-04-01,101.572,
EA19,CLI,AMPLITUD,LTRENDIDX,M,2018-05-01,101.4509,
EA19,CLI,AMPLITUD,LTRENDIDX,M,2018-06-01,101.3182,
EA19,CLI,AMPLITUD,LTRENDIDX,M,2018-07-01,101.1698,
EA19,CLI,AMPLITUD,LTRENDIDX,M,2018-08-01,101.0041,
EA19,CLI,AMPLITUD,LTRENDIDX,M,2018-09-01,100.8319,
EA19,CLI,AMPLITUD,LTRENDIDX,M,2018-10-01,100.6676,
EA19,CLI,AMPLITUD,LTRENDIDX,M,2018-11-01,100.5231,
EA19,CLI,AMPLITUD,LTRENDIDX,M,2018-12-01,100.3966,
EA19,CLI,AMPLITUD,LTRENDIDX,M,2019-01-01,100.2957,
EA19,CLI,AMPLITUD,LTRENDIDX,M,2019-02-01,100.2198,
EA19,CLI,AMPLITUD,LTRENDIDX,M,2019-03-01,100.1564,
EA19,CLI,AMPLITUD,LTRENDIDX,M,2019-04-01,100.0927,
EA19,CLI,AMPLITUD,LTRENDIDX,M,2019-05-01,100.0197,
EA19,CLI,AMPLITUD,LTRENDIDX,M,2019-06-01,99.9333,
EA19,CLI,AMPLITUD,LTRENDIDX,M,2019-07-01,99.8474,
EA19,CLI,AMPLITUD,LTRENDIDX,M,2019-08-01,99.77898,
EA19,CLI,AMPLITUD,LTRENDIDX,M,2019-09-01,99.73318,
EA19,CLI,AMPLITUD,LTRENDIDX,M,2019-10-01,99.70377,
EA19,CLI,AMPLITUD,LTRENDIDX,M,2019-11-01,99.67503,
EA19,CLI,AMPLITUD,LTRENDIDX,M,2019-12-01,99.62404,
EA19,CLI,AMPLITUD,LTRENDIDX,M,2020-01-01,99.53728,
EA19,CLI,AMPLITUD,LTRENDIDX,M,2020-02-01,99.40684,
EA19,CLI,AMPLITUD,LTRENDIDX,M,2020-03-01,96.27997,
EA19,CLI,AMPLITUD,LTRENDIDX,M,2020-04-01,90.88647,
EA19,CLI,AMPLITUD,LTRENDIDX,M,2020-05-01,93.35952,
EA19,CLI,AMPLITUD,LTRENDIDX,M,2020-06-01,97.04881,
EA19,CLI,AMPLITUD,LTRENDIDX,M,2020-07-01,97.87953,
EA19,CLI,AMPLITUD,LTRENDIDX,M,2020-08-01,98.2816,
EA19,CLI,AMPLITUD,LTRENDIDX,M,2020-09-01,98.45923,
EA19,CLI,AMPLITUD,LTRENDIDX,M,2020-10-01,98.57555,
EA19,CLI,AMPLITUD,LTRENDIDX,M,2020-11-01,98.67238,
EA19,CLI,AMPLITUD,LTRENDIDX,M,2020-12-01,98.8017,
EA19,CLI,AMPLITUD,LTRENDIDX,M,2021-01-01,98.9473,
EA19,CLI,AMPLITUD,LTRENDIDX,M,2021-02-01,99.16041,
EA19,CLI,AMPLITUD,LTRENDIDX,M,2021-03-01,99.42189,
EA19,CLI,AMPLITUD,LTRENDIDX,M,2021-04-01,99.73086,
ISL,CLI,AMPLITUD,LTRENDIDX,M,2018-01-01,102.0378,
ISL,CLI,AMPLITUD,LTRENDIDX,M,2018-02-01,102.0383,
ISL,CLI,AMPLITUD,LTRENDIDX,M,2018-03-01,101.985,
ISL,CLI,AMPLITUD,LTRENDIDX,M,2018-04-01,101.8752,
ISL,CLI,AMPLITUD,LTRENDIDX,M,2018-05-01,101.731,
ISL,CLI,AMPLITUD,LTRENDIDX,M,2018-06-01,101.5711,
ISL,CLI,AMPLITUD,LTRENDIDX,M,2018-07-01,101.3947,
ISL,CLI,AMPLITUD,LTRENDIDX,M,2018-08-01,101.2133,
ISL,CLI,AMPLITUD,LTRENDIDX,M,2018-09-01,101.0329,
ISL,CLI,AMPLITUD,LTRENDIDX,M,2018-10-01,100.8591,
ISL,CLI,AMPLITUD,LTRENDIDX,M,2018-11-01,100.6912,
ISL,CLI,AMPLITUD,LTRENDIDX,M,2018-12-01,100.5272,
ISL,CLI,AMPLITUD,LTRENDIDX,M,2019-01-01,100.3659,
ISL,CLI,AMPLITUD,LTRENDIDX,M,2019-02-01,100.2052,
ISL,CLI,AMPLITUD,LTRENDIDX,M,2019-03-01,100.0302,
ISL,CLI,AMPLITUD,LTRENDIDX,M,2019-04-01,99.8535,
ISL,CLI,AMPLITUD,LTRENDIDX,M,2019-05-01,99.69304,
ISL,CLI,AMPLITUD,LTRENDIDX,M,2019-06-01,99.55917,
ISL,CLI,AMPLITUD,LTRENDIDX,M,2019-07-01,99.46231,
ISL,CLI,AMPLITUD,LTRENDIDX,M,2019-08-01,99.3862,
ISL,CLI,AMPLITUD,LTRENDIDX,M,2019-09-01,99.3161,
ISL,CLI,AMPLITUD,LTRENDIDX,M,2019-10-01,99.2311,
ISL,CLI,AMPLITUD,LTRENDIDX,M,2019-11-01,99.12673,
ISL,CLI,AMPLITUD,LTRENDIDX,M,2019-12-01,99.00083,
ISL,CLI,AMPLITUD,LTRENDIDX,M,2020-01-01,98.86787,
ISL,CLI,AMPLITUD,LTRENDIDX,M,2020-02-01,98.74129,
ISL,CLI,AMPLITUD,LTRENDIDX,M,2020-03-01,96.88665,
ISL,CLI,AMPLITUD,LTRENDIDX,M,2020-04-01,94.04704,
ISL,CLI,AMPLITUD,LTRENDIDX,M,2020-05-01,93.89351,
ISL,CLI,AMPLITUD,LTRENDIDX,M,2020-06-01,94.23206,
ISL,CLI,AMPLITUD,LTRENDIDX,M,2020-07-01,95.56379,
ISL,CLI,AMPLITUD,LTRENDIDX,M,2020-08-01,95.63744,
ISL,CLI,AMPLITUD,LTRENDIDX,M,2020-09-01,95.06548,
ISL,CLI,AMPLITUD,LTRENDIDX,M,2020-10-01,94.93671,
ISL,CLI,AMPLITUD,LTRENDIDX,M,2020-11-01,94.83974,
ISL,CLI,AMPLITUD,LTRENDIDX,M,2020-12-01,94.86917,
ISL,CLI,AMPLITUD,LTRENDIDX,M,2021-01-01,94.90527,
ISL,CLI,AMPLITUD,LTRENDIDX,M,2021-02-01,94.95103,
ISL,CLI,AMPLITUD,LTRENDIDX,M,2021-03-01,95.03318,
ISL,CLI,AMPLITUD,LTRENDIDX,M,2021-04-01,95.08385,
